"Time_Iter","Outer_Iter","Inner_Iter",    "rms[Rho]"    ,    "rms[RhoU]"   ,    "rms[RhoV]"   ,    "rms[RhoW]"   ,    "rms[RhoE]"   
          0,           0,           0,      -2.831253576,      -12.13983736,       -12.1311604,      -12.13755809,       2.332281853
          0,           0,           1,      -2.788920557,      -0.370709234,     -0.4504642572,     -0.4592497289,       2.589594503
          0,           0,           2,      -2.717443605,     -0.2288931269,     -0.2773228803,     -0.2998613364,       2.725247674
          0,           0,           3,      -2.706254864,     -0.1924307342,     -0.2483815809,     -0.2587823978,       2.745293856
          0,           0,           4,       -2.77397351,     -0.2064979042,     -0.2998709229,     -0.3109762515,       2.679179927
          0,           0,           5,      -2.877909319,     -0.2414780494,     -0.3751709318,     -0.3805261029,        2.58430722
          0,           0,           6,       -2.95603016,      -0.286557877,     -0.4351769939,     -0.4388604511,       2.506710243
          0,           0,           7,      -3.006611045,     -0.3369829739,     -0.4830472901,     -0.4855305153,       2.454747663
          0,           0,           8,      -3.044634121,     -0.3890590932,     -0.5239691999,     -0.5232960405,       2.416806534
          0,           0,           9,       -3.08188095,     -0.4391993472,     -0.5595972139,     -0.5569324773,       2.379139865
          0,           0,          10,      -3.132295555,     -0.4855924089,     -0.5950771896,     -0.5923932179,       2.327459787
          0,           0,          11,      -3.207214404,      -0.528372623,     -0.6353566698,     -0.6321127605,       2.247632704
          0,           0,          12,      -3.295767181,      -0.568064772,     -0.6757719032,     -0.6692570169,       2.142567062
          0,           0,          13,      -3.327309177,      -0.603914915,     -0.6983914691,     -0.6867458189,       2.086770865
          0,           0,          14,      -3.260387328,     -0.6346208542,     -0.6913295433,     -0.6764789178,       2.158051702
          0,           0,          15,       -3.17197444,     -0.6594621769,     -0.6665960756,     -0.6511752869,        2.26356593
          0,           0,          16,      -3.109911855,     -0.6800637031,     -0.6438411689,     -0.6287811499,       2.339230766
          0,           0,          17,      -3.082569182,     -0.6999264728,     -0.6356570239,     -0.6205775772,       2.376589429
          0,           0,          18,       -3.08933793,      -0.722654477,     -0.6472169389,      -0.631318707,       2.377789461
          0,           0,          19,       -3.12933506,     -0.7504461674,      -0.679362093,     -0.6618549268,       2.344573706
          0,           0,          20,      -3.201667608,     -0.7831883692,     -0.7292462189,     -0.7096168556,       2.277819902
          0,           0,          21,      -3.301250828,      -0.818307161,     -0.7886439417,     -0.7671219295,       2.180892814
          0,           0,          22,      -3.412488975,     -0.8517411655,     -0.8448428095,     -0.8227161767,       2.064124724
          0,           0,          23,      -3.497055718,     -0.8802835968,     -0.8845119445,      -0.863993091,       1.960525356
          0,           0,          24,      -3.526010722,     -0.9032799564,     -0.9054675885,     -0.8878598435,       1.912159745
          0,           0,          25,      -3.527591181,     -0.9230296835,     -0.9177878378,       -0.90250217,       1.906559023
          0,           0,          26,      -3.539004584,     -0.9423127624,     -0.9313986959,     -0.9172000736,        1.90005006
          0,           0,          27,      -3.573578241,     -0.9628408991,     -0.9498719101,     -0.9358171135,       1.871832365
          0,           0,          28,      -3.626334407,     -0.9843921536,     -0.9705895484,     -0.9564272769,       1.823880104
          0,           0,          29,      -3.678007461,       -1.00509985,     -0.9880931708,     -0.9742969575,       1.774518343
          0,           0,          30,      -3.706712645,      -1.022732693,     -0.9989275092,     -0.9860313871,       1.746700886
          0,           0,          31,       -3.70852051,      -1.036106436,      -1.003515469,     -0.9918116154,       1.747249568
          0,           0,          32,      -3.701889388,      -1.045386895,      -1.005256407,     -0.9947633058,       1.758538375
          0,           0,          33,       -3.70473778,      -1.051803873,      -1.007443567,      -0.997978284,       1.761460594
          0,           0,          34,      -3.722515573,      -1.056686735,      -1.011053095,      -1.002408982,       1.749350604
          0,           0,          35,      -3.749504133,      -1.060760603,      -1.014814379,      -1.006829571,       1.726729168
          0,           0,          36,      -3.773209959,      -1.064118663,      -1.016868734,      -1.009393597,       1.704816639
          0,           0,          37,      -3.784321208,      -1.066891279,      -1.016829155,      -1.009620953,       1.692844222
          0,           0,          38,      -3.784401103,      -1.069185767,      -1.015876573,      -1.008561898,       1.690961884
          0,           0,          39,      -3.783153363,      -1.071187585,      -1.015820871,       -1.00797326,        1.69101854
          0,           0,          40,       -3.78870544,      -1.073064734,      -1.017917532,      -1.009145022,       1.684954784
          0,           0,          41,      -3.801676936,      -1.074769923,      -1.022109474,      -1.012146437,       1.671236662
          0,           0,          42,      -3.815207855,      -1.075969243,      -1.027200358,      -1.015981387,       1.655767792
          0,           0,          43,      -3.819501471,      -1.076149012,       -1.03162943,      -1.019321339,       1.648383631
          0,           0,          44,      -3.808891214,      -1.074935116,      -1.034242043,      -1.021260847,       1.656246618
          0,           0,          45,      -3.785912358,      -1.072228223,      -1.034727897,      -1.021616009,       1.678402728
          0,           0,          46,      -3.758471984,      -1.068203471,      -1.033594315,       -1.02088142,       1.707197057
          0,           0,          47,      -3.735353861,      -1.063400014,      -1.032137831,      -1.020190336,       1.733171398
          0,           0,          48,      -3.721601772,      -1.058383186,      -1.031579795,      -1.020605077,        1.75050571
          0,           0,          49,      -3.718719511,      -1.053579265,      -1.032582304,      -1.022665078,       1.757176487
          0,           0,          50,      -3.726078866,      -1.049209341,      -1.035170801,      -1.026318891,       1.753480686
          0,           0,          51,      -3.741750941,      -1.045307281,      -1.038875687,      -1.031060403,       1.741077269
          0,           0,          52,      -3.762978488,      -1.041780878,      -1.042969244,      -1.036160329,       1.722453936
          0,           0,          53,      -3.786589286,      -1.038489551,      -1.046730678,      -1.040909472,       1.700533808
          0,           0,          54,      -3.809542424,      -1.035308839,      -1.049637328,      -1.044794805,       1.678214365
          0,           0,          55,      -3.829657487,      -1.032165321,      -1.051452158,      -1.047592895,       1.657734802
          0,           0,          56,      -3.846088074,      -1.029040603,      -1.052204769,      -1.049343613,       1.640206078
          0,           0,          57,      -3.859226777,      -1.025970248,       -1.05209952,      -1.050254973,       1.625588563
          0,           0,          58,      -3.870142837,      -1.023022282,      -1.051404608,      -1.050586466,       1.613106258
          0,           0,          59,      -3.879949329,      -1.020275668,      -1.050378638,      -1.050577802,       1.601811988
          0,           0,          60,      -3.889467746,      -1.017809863,      -1.049231909,      -1.050413987,       1.590948382
          0,           0,          61,      -3.899208096,      -1.015697221,      -1.048130531,      -1.050231504,       1.580024013
          0,           0,          62,      -3.909469435,      -1.014002085,      -1.047199988,      -1.050130071,       1.568743386
          0,           0,          63,      -3.920411379,       -1.01277677,       -1.04653138,      -1.050183542,       1.556937029
          0,           0,          64,      -3.932036059,      -1.012067661,      -1.046178752,      -1.050437847,       1.544569908
          0,           0,          65,      -3.944147133,      -1.011908461,      -1.046158805,       -1.05091111,       1.531781751
          0,           0,          66,      -3.956341475,      -1.012321382,      -1.046457638,      -1.051599492,       1.518906102
          0,           0,          67,      -3.968090169,      -1.013315959,      -1.047044077,      -1.052484671,       1.506411068
          0,           0,          68,      -3.978894111,      -1.014889647,      -1.047879053,      -1.053545903,       1.494766059
          0,           0,          69,      -3.988419528,      -1.017036917,      -1.048930205,      -1.054770005,       1.484312815
          0,           0,          70,      -3.996579686,      -1.019747483,      -1.050174112,      -1.056151319,       1.475176268
          0,           0,          71,      -4.003496029,      -1.023003289,      -1.051591873,      -1.057688918,       1.467283709
          0,           0,          72,      -4.009395891,      -1.026780348,      -1.053165014,      -1.059382229,       1.460452634
          0,           0,          73,      -4.014510945,      -1.031055565,      -1.054878469,      -1.061223702,       1.454489092
          0,           0,          74,      -4.019017881,      -1.035802508,      -1.056713212,      -1.063201524,       1.449247308
          0,           0,          75,      -4.023038661,       -1.04099295,      -1.058649819,      -1.065304287,       1.444633269
          0,           0,          76,      -4.026668353,       -1.04660392,      -1.060666896,      -1.067520328,       1.440574633
          0,           0,          77,      -4.030011067,       -1.05261205,      -1.062751149,      -1.069839419,       1.436981459
          0,           0,          78,      -4.033195301,      -1.058999059,      -1.064891283,      -1.072251463,       1.433723321
          0,           0,          79,      -4.036374774,      -1.065752072,      -1.067079795,      -1.074749017,       1.430627257
          0,           0,          80,        -4.0397022,      -1.072866418,      -1.069309652,       -1.07732493,        1.42750604
          0,           0,          81,      -4.043326558,      -1.080342184,      -1.071574927,      -1.079971706,       1.424169492
          0,           0,          82,      -4.047375013,      -1.088186426,      -1.073870204,      -1.082680825,       1.420444092
          0,           0,          83,      -4.051964117,      -1.096411365,      -1.076191875,      -1.085443358,       1.416173448
          0,           0,          84,      -4.057189021,      -1.105033036,       -1.07853492,      -1.088250912,        1.41122959
          0,           0,          85,        -4.0631199,      -1.114069022,      -1.080894727,      -1.091096134,       1.405517979
          0,           0,          86,      -4.069787512,      -1.123537355,      -1.083269931,      -1.093971347,       1.398990699
          0,           0,          87,      -4.077188337,      -1.133455732,      -1.085660804,      -1.096872845,       1.391641877
          0,           0,          88,      -4.085270224,      -1.143834736,      -1.088069296,      -1.099798498,       1.383518894
          0,           0,          89,      -4.093935198,      -1.154679511,      -1.090500101,      -1.102749475,       1.374719178
          0,           0,          90,      -4.103039412,       -1.16598615,        -1.0929624,      -1.105730868,       1.365389298
          0,           0,          91,      -4.112404863,      -1.177738627,      -1.095471395,      -1.108752847,       1.355712868
          0,           0,          92,       -4.12183361,      -1.189910122,      -1.098048707,      -1.111831531,       1.345898115
          0,           0,          93,      -4.131126103,      -1.202459309,       -1.10072283,      -1.114991966,       1.336158623
          0,           0,          94,      -4.140096657,      -1.215329655,      -1.103533906,      -1.118265396,       1.326698547
          0,           0,          95,      -4.148587911,      -1.228449573,      -1.106529353,      -1.121694135,       1.317697874
          0,           0,          96,      -4.156495535,      -1.241731434,       -1.10976794,      -1.125328522,       1.309287511
          0,           0,          97,       -4.16376681,       -1.25507395,      -1.113316322,      -1.129227762,       1.301547975
          0,           0,          98,      -4.170407038,      -1.268364003,      -1.117250293,      -1.133456417,       1.294501019
          0,           0,          99,      -4.176476257,       -1.28148339,      -1.121652723,      -1.138086776,        1.28810941
          0,           0,         100,      -4.182069571,      -1.294314288,      -1.126610549,      -1.143195811,       1.282294855
          0,           0,         101,      -4.187306274,      -1.306748774,      -1.132212473,      -1.148859517,       1.276947008
          0,           0,         102,      -4.192322155,      -1.318696318,      -1.138546096,      -1.155151833,       1.271931699
          0,           0,         103,       -4.19724932,      -1.330093688,      -1.145694997,      -1.162142656,       1.267111418
          0,           0,         104,      -4.202221238,      -1.340909631,      -1.153732285,      -1.169893363,       1.262341652
          0,           0,         105,      -4.207353453,      -1.351146116,      -1.162719574,      -1.178449927,       1.257490229
          0,           0,         106,      -4.212752341,      -1.360835259,      -1.172697888,      -1.187838069,       1.252431142
          0,           0,         107,      -4.218510133,      -1.370027185,      -1.183685132,      -1.198064617,       1.247050603
          0,           0,         108,      -4.224693043,      -1.378772058,       -1.19566748,      -1.209106467,       1.241258934
          0,           0,         109,      -4.231334773,      -1.387097469,      -1.208590423,      -1.220903451,       1.234998559
          0,           0,         110,       -4.23841882,      -1.394980705,      -1.222347144,      -1.233350755,       1.228264201
          0,           0,         111,      -4.245887421,      -1.402324576,      -1.236766188,      -1.246292744,       1.221095577
          0,           0,         112,      -4.253637884,      -1.408943071,       -1.25159642,      -1.259518137,       1.213585595
          0,           0,         113,      -4.261526489,      -1.414558154,      -1.266498839,      -1.272756891,       1.205876794
          0,           0,         114,      -4.269417405,      -1.418842211,      -1.281056297,       -1.28569103,       1.198114769
          0,           0,         115,       -4.27713783,      -1.421492319,      -1.294807499,      -1.297968838,       1.190487926
          0,           0,         116,      -4.284609793,        -1.4223212,      -1.307321575,      -1.309240814,       1.183092369
          0,           0,         117,      -4.291661621,      -1.421320943,      -1.318276137,       -1.31920094,       1.176103918
          0,           0,         118,      -4.298202228,      -1.418706215,        -1.3275391,       -1.32764361,       1.169621559
          0,           0,         119,      -4.304085771,      -1.414843835,      -1.335160654,      -1.334510082,       1.163807498
          0,           0,         120,      -4.309150198,      -1.410186043,      -1.341314199,      -1.339903325,       1.158873868
          0,           0,         121,      -4.313095206,      -1.405168849,      -1.346193401,      -1.344039599,       1.155188541
          0,           0,         122,      -4.315489215,      -1.400145772,      -1.349957934,      -1.347174887,       1.153229719
          0,           0,         123,      -4.315964486,      -1.395344202,      -1.352741448,      -1.349542896,       1.153370592
          0,           0,         124,      -4.314382622,      -1.390822348,      -1.354697304,      -1.351316997,       1.155709718
          0,           0,         125,      -4.310933576,      -1.386525991,      -1.356035416,       -1.35263998,       1.160009562
          0,           0,         126,      -4.306021623,      -1.382322798,      -1.357000294,      -1.353657255,       1.165827645
          0,           0,         127,      -4.300150343,      -1.378093871,      -1.357831682,      -1.354550191,       1.172640968
          0,           0,         128,      -4.293840992,      -1.373812096,         -1.358732,      -1.355536019,       1.179915755
          0,           0,         129,      -4.287551525,      -1.369561423,      -1.359852142,      -1.356844794,       1.187179289
          0,           0,         130,      -4.281647252,      -1.365510494,      -1.361291355,      -1.358676646,        1.19404478
          0,           0,         131,       -4.27638913,       -1.36184751,      -1.363113252,      -1.361165523,       1.200225979
          0,           0,         132,      -4.271935888,      -1.358737449,      -1.365354448,      -1.364364564,        1.20554002
          0,           0,         133,      -4.268387433,      -1.356280872,       -1.36803584,       -1.36825474,       1.209869076
          0,           0,         134,      -4.265805059,      -1.354529484,      -1.371178709,      -1.372771059,       1.213140906
          0,           0,         135,      -4.264221886,       -1.35350672,      -1.374800979,      -1.377827006,       1.215318029
          0,           0,         136,      -4.263647441,      -1.353218239,      -1.378908816,      -1.383331054,       1.216391291
          0,           0,         137,      -4.264056438,      -1.353660404,      -1.383480691,      -1.389183456,       1.216390109
          0,           0,         138,      -4.265376175,      -1.354824393,      -1.388452518,      -1.395271791,       1.215392134
          0,           0,         139,      -4.267507299,      -1.356702483,       -1.39371535,      -1.401466554,       1.213502496
          0,           0,         140,      -4.270321975,      -1.359284024,      -1.399124683,      -1.407615452,       1.210854832
          0,           0,         141,      -4.273672646,      -1.362555124,      -1.404506009,      -1.413548617,       1.207603055
          0,           0,         142,      -4.277405669,      -1.366488799,      -1.409675619,      -1.419092511,       1.203908581
          0,           0,         143,      -4.281376544,       -1.37103709,      -1.414456344,      -1.424082367,       1.199924087
          0,           0,         144,      -4.285452438,      -1.376128253,      -1.418697728,      -1.428380725,       1.195789992
          0,           0,         145,      -4.289506314,      -1.381661309,      -1.422288691,      -1.431891499,       1.191641218
          0,           0,         146,      -4.293418358,      -1.387514017,      -1.425170295,      -1.434570387,       1.187602328
          0,           0,         147,      -4.297088724,      -1.393547601,      -1.427344883,       -1.43643214,       1.183778536
          0,           0,         148,      -4.300451839,      -1.399624263,      -1.428878762,      -1.437553234,       1.180241386
          0,           0,         149,      -4.303523657,      -1.405625361,      -1.429901246,      -1.438068013,       1.176984151
          0,           0,         150,      -4.306428356,      -1.411475246,      -1.430597843,      -1.438156459,       1.173894142
          0,           0,         151,      -4.309377957,      -1.417149913,      -1.431185419,       -1.43802808,       1.170769816
          0,           0,         152,      -4.312620126,      -1.422687913,      -1.431888255,      -1.437900491,       1.167368779
          0,           0,         153,       -4.31641058,      -1.428187998,      -1.432924249,      -1.437977163,       1.163436544
          0,           0,         154,       -4.32099387,      -1.433808014,      -1.434482387,      -1.438448791,       1.158724189
          0,           0,         155,      -4.326588655,      -1.439756136,      -1.436714502,      -1.439475966,        1.15300454
          0,           0,         156,      -4.333387943,      -1.446280615,      -1.439733539,      -1.441186119,       1.146074197
          0,           0,         157,       -4.34156112,      -1.453657563,      -1.443612846,      -1.443674436,       1.137752011
          0,           0,         158,      -4.351248809,      -1.462180564,       -1.44838594,      -1.447003068,       1.127884092
          0,           0,         159,      -4.362544288,      -1.472145149,      -1.454044723,       -1.45120393,       1.116360846
          0,           0,         160,      -4.375522021,       -1.48384216,      -1.460552291,      -1.456282804,       1.103091791
          0,           0,         161,       -4.39019133,      -1.497548436,      -1.467845092,      -1.462225695,       1.088047406
          0,           0,         162,       -4.40651987,      -1.513522502,      -1.475846099,      -1.469006937,       1.071239972
          0,           0,         163,      -4.424430932,       -1.53200306,      -1.484473833,      -1.476595744,       1.052726027
          0,           0,         164,      -4.443760692,      -1.553201082,      -1.493648083,      -1.484959092,       1.032648162
          0,           0,         165,      -4.464280269,      -1.577287429,      -1.503299687,      -1.494065395,       1.011219952
          0,           0,         166,      -4.485651243,      -1.604368682,      -1.513371445,      -1.503883024,      0.9887713731
          0,           0,         167,      -4.507416221,      -1.634458304,      -1.523817379,      -1.514379353,      0.9657664703
          0,           0,         168,      -4.529011816,      -1.667426354,      -1.534600281,      -1.525515623,      0.9428007449
          0,           0,         169,      -4.549768828,      -1.702922221,      -1.545681203,      -1.537235548,      0.9206080118
          0,           0,         170,      -4.568972034,      -1.740279343,      -1.557008858,      -1.549458425,      0.9000037646
          0,           0,         171,      -4.585932473,       -1.77839791,      -1.568520147,      -1.562074673,      0.8818096548
          0,           0,         172,      -4.600077038,      -1.815631456,      -1.580144492,      -1.574955119,      0.8667451063
          0,           0,         173,       -4.61104791,       -1.84977381,      -1.591814571,      -1.587961608,      0.8552954038
          0,           0,         174,      -4.618799741,      -1.878277134,       -1.60346628,      -1.600953441,      0.8475795045
          0,           0,         175,      -4.623617821,      -1.898823402,        -1.6150232,      -1.613781162,      0.8433109807
          0,           0,         176,      -4.626036518,      -1.910088291,      -1.626387478,      -1.626284362,      0.8418832007
          0,           0,         177,       -4.62671787,      -1.912258931,      -1.637456571,      -1.638310542,      0.8425154532
          0,           0,         178,      -4.626348192,       -1.90691644,      -1.648148496,      -1.649738414,      0.8443879611
          0,           0,         179,      -4.625576715,      -1.896395582,      -1.658418832,      -1.660493421,      0.8467290845
          0,           0,         180,      -4.624973184,      -1.883074365,      -1.668266678,      -1.670552604,      0.8488718175
          0,           0,         181,      -4.625030696,      -1.868942501,      -1.677732154,      -1.679942377,      0.8502545364
          0,           0,         182,      -4.626150297,      -1.855468694,      -1.686887597,      -1.688729465,      0.8504322357
          0,           0,         183,      -4.628646531,      -1.843649627,      -1.695827696,      -1.697012575,      0.8490649958
          0,           0,         184,      -4.632752218,       -1.83411831,      -1.704660928,      -1.704912293,      0.8459067699
          0,           0,         185,      -4.638627197,      -1.827248015,      -1.713499288,      -1.712563116,      0.8407919434
          0,           0,         186,      -4.646358103,      -1.823235224,      -1.722452173,      -1.720103371,      0.8336312061
          0,           0,         187,      -4.655961945,      -1.822156541,      -1.731615236,      -1.727666842,      0.8244065535
          0,           0,         188,      -4.667391426,      -1.824007564,       -1.74106594,      -1.735373673,      0.8131652675
          0,           0,         189,      -4.680540379,      -1.828734251,      -1.750857045,      -1.743325407,      0.8000136619
          0,           0,         190,      -4.695244353,      -1.836251825,      -1.761013659,      -1.751600983,      0.7851176673
          0,           0,         191,      -4.711281575,      -1.846447903,      -1.771531321,      -1.760254283,      0.7687033353
          0,           0,         192,      -4.728348387,      -1.859175542,      -1.782372852,       -1.76931072,      0.7510819725
          0,           0,         193,       -4.74608726,      -1.874243851,      -1.793469898,      -1.778770059,       0.732628143
          0,           0,         194,      -4.764059419,      -1.891398506,      -1.804722147,      -1.788602858,      0.7138078343
          0,           0,         195,      -4.781771889,      -1.910300714,      -1.816001995,      -1.798751712,      0.6951564322
          0,           0,         196,      -4.798688506,      -1.930490722,      -1.827156605,       -1.80913172,       0.677267958
          0,           0,         197,      -4.814251471,       -1.95135722,      -1.838011409,      -1.819628668,      0.6607701055
          0,           0,         198,      -4.827943169,      -1.972116335,      -1.848375377,      -1.830096507,      0.6462556672
          0,           0,         199,      -4.839411926,        -1.9918289,      -1.858062929,      -1.840376629,      0.6341478023
          0,           0,         200,       -4.84847647,      -2.009441216,      -1.866908452,      -1.850302942,      0.6246794005
          0,           0,         201,      -4.855105419,      -2.023888897,      -1.874779202,      -1.859710836,      0.6179026667
          0,           0,         202,      -4.859425997,      -2.034260122,      -1.881594358,      -1.868452114,      0.6136784169
          0,           0,         203,      -4.861722267,       -2.03998864,      -1.887340984,      -1.876415166,      0.6116842701
          0,           0,         204,      -4.862401272,      -2.040993748,      -1.892081662,      -1.883541311,      0.6114575193
          0,           0,         205,      -4.861947168,      -2.037705528,      -1.895949625,      -1.889831711,      0.6124524753
          0,           0,         206,      -4.860865835,      -2.030957307,      -1.899134223,       -1.89534717,      0.6141050777
          0,           0,         207,      -4.859633233,      -2.021793909,      -1.901859865,         -1.900199,      0.6158915259
          0,           0,         208,      -4.858654735,      -2.011274209,      -1.904361464,      -1.904534974,      0.6173707691
          0,           0,         209,      -4.858249077,      -2.000323496,      -1.906866753,      -1.908525132,      0.6182006943
          0,           0,         210,      -4.858650204,      -1.989669794,      -1.909584745,      -1.912348272,      0.6181352017
          0,           0,         211,      -4.860021488,      -1.979847191,      -1.912697888,      -1.916180238,      0.6170069021
          0,           0,         212,      -4.862474697,       -1.97123184,      -1.916362949,       -1.92018956,      0.6147058675
          0,           0,         213,      -4.866081065,      -1.964085044,      -1.920711267,       -1.92453347,      0.6111663723
          0,           0,         214,       -4.87087133,      -1.958581142,       -1.92584758,      -1.929351623,      0.6063645876
          0,           0,         215,      -4.876847825,      -1.954827906,      -1.931850783,      -1.934763055,      0.6003068701
          0,           0,         216,      -4.883979816,      -1.952880714,      -1.938772432,      -1.940861912,      0.5930329582
          0,           0,         217,      -4.892199996,      -1.952754142,      -1.946635508,      -1.947717655,      0.5846194269
          0,           0,         218,      -4.901412971,      -1.954430574,       -1.95543746,       -1.95537299,      0.5751717529
          0,           0,         219,      -4.911494838,      -1.957869202,      -1.965150887,      -1.963845917,      0.5648250119
          0,           0,         220,      -4.922276162,      -1.963009675,      -1.975721586,      -1.973127512,      0.5537603492
          0,           0,         221,      -4.933564696,      -1.969774507,      -1.987073626,      -1.983186426,      0.5421842707
          0,           0,         222,      -4.945132908,      -1.978071932,      -1.999107104,      -1.993967215,      0.5303409962
          0,           0,         223,      -4.956732387,      -1.987795426,      -2.011700823,      -2.005391951,      0.5184984304
          0,           0,         224,      -4.968079872,      -1.998818911,      -2.024711221,      -2.017357207,      0.5069590766
          0,           0,         225,      -4.978898104,      -2.010995745,      -2.037973187,      -2.029736337,      0.4960235227
          0,           0,         226,      -4.988936935,      -2.024156096,      -2.051304541,      -2.042379892,      0.4859638322
          0,           0,         227,      -4.997990019,      -2.038105817,       -2.06450731,       -2.05511663,      0.4770043056
          0,           0,         228,      -5.005927766,       -2.05262639,      -2.077376304,      -2.067756815,      0.4692852788
          0,           0,         229,      -5.012700184,      -2.067476102,      -2.089703803,      -2.080095679,      0.4628572237
          0,           0,         230,       -5.01831652,      -2.082394001,      -2.101285497,      -2.091918645,      0.4576994174
          0,           0,         231,       -5.02281004,       -2.09710492,      -2.111934128,      -2.103013649,      0.4537565901
          0,           0,         232,      -5.026225327,       -2.11132633,      -2.121496549,       -2.11318988,      0.4509554438
          0,           0,         233,      -5.028650404,      -2.124780452,       -2.12987777,      -2.122298687,      0.4491788083
          0,           0,         234,      -5.030260556,      -2.137216633,      -2.137054538,      -2.130254076,      0.4482258363
          0,           0,         235,      -5.031330841,      -2.148438417,      -2.143080466,      -2.137042043,      0.4478012485
          0,           0,         236,      -5.032211355,      -2.158331673,      -2.148079849,      -2.142721842,      0.4475388579
          0,           0,         237,      -5.033275859,      -2.166882372,       -2.15223028,      -2.147416534,      0.4470511299
          0,           0,         238,      -5.034869475,      -2.174178012,      -2.155743231,      -2.151296466,      0.4459797631
          0,           0,         239,      -5.037276662,      -2.180393519,      -2.158844387,      -2.154561036,      0.4440273882
          0,           0,         240,      -5.040711374,      -2.185769169,      -2.161756745,       -2.15742293,      0.4409677864
          0,           0,         241,      -5.045324775,      -2.190587319,      -2.164690529,      -2.160095318,       0.436639426
          0,           0,         242,      -5.051219812,      -2.195154331,      -2.167836921,      -2.162783009,      0.4309316204
          0,           0,         243,      -5.058455064,      -2.199782917,      -2.171364025,      -2.165675163,      0.4237802948
          0,           0,         244,      -5.067047177,      -2.204773328,      -2.175414311,      -2.168940825,      0.4151650114
          0,           0,         245,      -5.076972938,       -2.21040201,      -2.180104174,      -2.172725451,      0.4051068019
          0,           0,         246,      -5.088167291,      -2.216911057,      -2.185522536,       -2.17715019,      0.3936699809
          0,           0,         247,      -5.100523316,      -2.224504605,      -2.191731463,      -2.182311185,      0.3809627518
          0,           0,         248,      -5.113889688,      -2.233347257,      -2.198766514,      -2.188278613,      0.3671403298
          0,           0,         249,      -5.128070206,      -2.243563361,      -2.206635595,      -2.195097493,      0.3524070265
          0,           0,         250,      -5.142823722,      -2.255236251,      -2.215319376,      -2.202786524,      0.3370173804
          0,           0,         251,      -5.157865049,      -2.268407266,      -2.224769678,      -2.211336648,      0.3212764851
          0,           0,         252,       -5.17287194,      -2.283071894,      -2.234907524,      -2.220709978,      0.3055339893
          0,           0,         253,      -5.187497246,      -2.299173705,      -2.245621358,      -2.230836803,      0.2901723778
          0,           0,         254,      -5.201387344,      -2.316596159,      -2.256766166,      -2.241613343,      0.2755864789
          0,           0,         255,      -5.214208631,      -2.335151879,      -2.268162105,      -2.252898662,      0.2621536425
          0,           0,         256,      -5.225676424,      -2.354573618,      -2.279596502,      -2.264513053,      0.2501997903
          0,           0,         257,      -5.235576879,      -2.374508275,       -2.29083081,      -2.276240295,      0.2399723269
          0,           0,         258,      -5.243770658,      -2.394510903,      -2.301611193,      -2.287832991,      0.2316305623
          0,           0,         259,      -5.250193042,      -2.414045293,      -2.311683188,      -2.299021229,      0.2252418421
          0,           0,         260,      -5.254877671,      -2.432504286,      -2.320817264,      -2.309536347,      0.2207592391
          0,           0,         261,      -5.257969065,      -2.449247974,      -2.328835291,      -2.319136894,      0.2180125476
          0,           0,         262,      -5.259712862,      -2.463668973,      -2.335629933,      -2.327631247,      0.2167216972
          0,           0,         263,      -5.260422638,      -2.475275308,      -2.341171598,      -2.334894052,       0.216534399
          0,           0,         264,      -5.260432547,      -2.483766525,      -2.345506485,       -2.34087468,       0.217077638
          0,           0,         265,      -5.260060615,      -2.489079227,      -2.348749885,      -2.345600808,      0.2179979339
          0,           0,         266,      -5.259595772,      -2.491391292,       -2.35107613,      -2.349175785,      0.2189772105
          0,           0,         267,      -5.259302081,      -2.491089535,      -2.352704626,      -2.351770319,      0.2197303714
          0,           0,         268,      -5.259434348,      -2.488712141,      -2.353884625,      -2.353607883,      0.2199900399
          0,           0,         269,      -5.260227117,      -2.484888508,      -2.354874771,      -2.354941561,      0.2195156908
          0,           0,         270,      -5.261907287,      -2.480275608,      -2.355927084,      -2.356035118,      0.2180802439
          0,           0,         271,      -5.264677139,      -2.475504615,      -2.357274094,      -2.357145216,      0.2154838701
          0,           0,         272,      -5.268709177,      -2.471141138,      -2.359120623,      -2.358508387,      0.2115576707
          0,           0,         273,      -5.274141766,      -2.467665041,      -2.361637983,      -2.360332539,       0.206166686
          0,           0,         274,      -5.281078429,      -2.465464189,      -2.364963307,       -2.36279273,      0.1992098748
          0,           0,         275,      -5.289588551,      -2.464840887,      -2.369199891,      -2.366030176,      0.1906191123
          0,           0,         276,      -5.299709312,      -2.466024191,      -2.374419165,      -2.370153152,      0.1803572592
          0,           0,         277,      -5.311446123,      -2.469184301,      -2.380663017,      -2.375239051,      0.1684178162
          0,           0,         278,      -5.324769866,      -2.474444952,      -2.387946362,      -2.381336707,      0.1548277466
          0,           0,         279,      -5.339612918,      -2.481892987,      -2.396258648,      -2.388468867,      0.1396518271
          0,           0,         280,       -5.35585856,      -2.491583166,      -2.405564483,      -2.396633398,      0.1230034616
          0,           0,         281,      -5.373351967,      -2.503543461,      -2.415806887,      -2.405806938,      0.1050364627
          0,           0,         282,      -5.391864022,      -2.517770109,      -2.426904617,      -2.415942478,     0.08598014535
          0,           0,         283,      -5.411100706,      -2.534220296,       -2.43875413,      -2.426971868,     0.06613337157
          0,           0,         284,       -5.43069698,      -2.552801413,      -2.451229697,      -2.438806033,     0.04587338748
          0,           0,         285,      -5.450213603,      -2.573351706,      -2.464183338,      -2.451333413,     0.02566068948
          0,           0,         286,      -5.469148716,      -2.595615502,      -2.477444689,      -2.464419227,    0.006029609305
          0,           0,         287,      -5.486965142,      -2.619209277,      -2.490823699,      -2.477904068,    -0.01243912927
          0,           0,         288,      -5.503134405,      -2.643590031,      -2.504113482,      -2.491602788,     -0.0291649922
          0,           0,         289,      -5.517185002,      -2.668026866,      -2.517094986,      -2.505304163,    -0.04362267819
          0,           0,         290,      -5.528772598,      -2.691598792,      -2.529549251,      -2.518776518,    -0.05542093613
          0,           0,         291,      -5.537735254,      -2.713236076,      -2.541272869,      -2.531779529,    -0.06436809641
          0,           0,         292,      -5.544125412,      -2.731827511,      -2.552096143,      -2.544081815,    -0.07051142776
          0,           0,         293,      -5.548212762,      -2.746397422,       -2.56190128,      -2.555481901,    -0.07414169171
          0,           0,         294,      -5.550438096,      -2.756309654,      -2.570633578,      -2.565827638,    -0.07574271917
          0,           0,         295,      -5.551328246,      -2.761414472,      -2.578300806,      -2.575028554,    -0.07589718243
          0,           0,         296,      -5.551405064,      -2.762061553,      -2.584968899,      -2.583061839,    -0.07518589917
          0,           0,         297,      -5.551131366,      -2.758983759,      -2.590757457,      -2.589976025,    -0.07412476423
          0,           0,         298,      -5.550898906,      -2.753126245,      -2.595834341,      -2.595889539,    -0.07314772769
          0,           0,         299,      -5.551040356,      -2.745490175,      -2.600404736,      -2.600980843,    -0.07261748516
          0,           0,         300,       -5.55184465,         -2.737022,      -2.604694945,      -2.605469206,    -0.07284096062
          0,           0,         301,      -5.553559381,      -2.728548356,      -2.608933804,      -2.609592957,    -0.07407490764
          0,           0,         302,      -5.556389151,      -2.720747772,      -2.613337252,      -2.613589514,    -0.07652678908
          0,           0,         303,      -5.560491216,      -2.714147914,      -2.618098095,      -2.617681392,    -0.08035333659
          0,           0,         304,      -5.565972899,      -2.709141102,      -2.623379948,      -2.622066318,    -0.08566002821
          0,           0,         305,      -5.572892245,       -2.70600655,      -2.629314333,      -2.626911929,    -0.09250260973
          0,           0,         306,      -5.581258916,       -2.70493346,      -2.635999543,      -2.632353607,     -0.1008885083
          0,           0,         307,       -5.59103474,      -2.706041684,      -2.643500442,      -2.638493872,     -0.1107774126
          0,           0,         308,      -5.602134057,      -2.709398101,      -2.651848732,      -2.645402774,     -0.1220812297
          0,           0,         309,      -5.614426248,      -2.715029255,      -2.661043916,      -2.653118819,     -0.1346656277
          0,           0,         310,      -5.627718558,       -2.72292582,      -2.671051395,      -2.661648175,     -0.1483331565
          0,           0,         311,      -5.641775367,      -2.733046127,      -2.681803995,      -2.670967584,     -0.1628391384
          0,           0,         312,      -5.656303996,      -2.745315326,      -2.693201506,      -2.681023135,     -0.1778775661
          0,           0,         313,      -5.670958085,      -2.759616794,      -2.705110435,      -2.691730497,     -0.1930828015
          0,           0,         314,      -5.685347271,      -2.775780858,      -2.717364625,       -2.70297519,      -0.208038249
          0,           0,         315,      -5.699054912,      -2.793567592,      -2.729767541,      -2.714612805,     -0.2222940738
          0,           0,         316,      -5.711659468,       -2.81264628,      -2.742094325,      -2.726467944,     -0.2353912655
          0,           0,         317,      -5.722768048,      -2.832574473,      -2.754093147,      -2.738331575,      -0.246900278
          0,           0,         318,      -5.732109663,      -2.852793656,      -2.765505721,      -2.749974633,     -0.2565165322
          0,           0,         319,      -5.739555282,      -2.872622133,      -2.776086841,      -2.761163363,     -0.2640869982
          0,           0,         320,      -5.745075417,      -2.891261098,      -2.785617455,      -2.771665819,     -0.2695756318
          0,           0,         321,      -5.748741088,      -2.907843632,      -2.793925712,       -2.78126817,     -0.2730636926
          0,           0,         322,       -5.75073637,        -2.9215303,      -2.800910815,      -2.789798479,     -0.2747581483
          0,           0,         323,      -5.751357988,      -2.931642837,       -2.80655947,      -2.797147826,      -0.274986696
          0,           0,         324,      -5.750989836,      -2.937801531,      -2.810949197,      -2.803284401,     -0.2741680791
          0,           0,         325,      -5.750053403,      -2.940014817,      -2.814237007,      -2.808254987,     -0.2727587281
          0,           0,         326,      -5.748948443,      -2.938668817,      -2.816635813,      -2.812174371,     -0.2711907028
          0,           0,         327,      -5.748012799,      -2.934423908,      -2.818389579,      -2.815209996,     -0.2698292383
          0,           0,         328,      -5.747517844,      -2.928078424,      -2.819753769,      -2.817566122,     -0.2689658917
          0,           0,         329,      -5.747685053,      -2.920451803,      -2.820982008,      -2.819469872,     -0.2688345627
          0,           0,         330,      -5.748702824,      -2.912311807,      -2.822315803,      -2.821157537,     -0.2696294951
          0,           0,         331,      -5.750731147,      -2.904333482,      -2.823975695,       -2.82286136,     -0.2715119261
          0,           0,         332,      -5.753897856,      -2.897078883,        -2.8261546,      -2.824797905,     -0.2746084023
          0,           0,         333,      -5.758293392,      -2.890992663,       -2.82901385,      -2.827160002,     -0.2790070644
          0,           0,         334,      -5.763967939,      -2.886409434,      -2.832681648,      -2.830111862,     -0.2847554936
          0,           0,         335,      -5.770930955,      -2.883568216,       -2.83725322,      -2.833786963,     -0.2918602732
          0,           0,         336,      -5.779151457,      -2.882629712,      -2.842791963,      -2.838287519,     -0.3002871128
          0,           0,         337,      -5.788559023,      -2.883692893,      -2.849330698,      -2.843685314,     -0.3099613451
          0,           0,         338,      -5.799042738,      -2.886809042,      -2.856872975,       -2.85002282,     -0.3207664755
          0,           0,         339,      -5.810449436,      -2.891991818,      -2.865394101,      -2.857314155,     -0.3325417072
          0,           0,         340,      -5.822578669,      -2.899223012,      -2.874840957,      -2.865545561,     -0.3450762338
          0,           0,         341,      -5.835195011,      -2.908456414,      -2.885133246,      -2.874677343,     -0.3581197331
          0,           0,         342,      -5.848010332,      -2.919614792,      -2.896161614,      -2.884641924,     -0.3713654856
          0,           0,         343,      -5.860702846,      -2.932585311,      -2.907788288,      -2.895344346,     -0.3844678502
          0,           0,         344,      -5.872930842,      -2.947213006,      -2.919847667,      -2.906661808,     -0.3970565844
          0,           0,         345,      -5.884357706,      -2.963292579,      -2.932148286,      -2.918443688,     -0.4087635439
          0,           0,         346,      -5.894684431,      -2.980557277,      -2.944474933,      -2.930510546,     -0.4192590282
          0,           0,         347,      -5.903679778,      -2.998668502,      -2.956587566,       -2.94265016,     -0.4282881591
          0,           0,         348,      -5.911212361,      -3.017221608,      -2.968231636,       -2.95462526,     -0.4357067608
          0,           0,         349,      -5.917232801,      -3.035750137,       -2.97915978,      -2.966189247,      -0.441465666
          0,           0,         350,      -5.921738518,      -3.053724253,      -2.989146776,      -2.977096606,     -0.4455763334
          0,           0,         351,      -5.924780107,      -3.070571356,      -2.998009423,      -2.987120263,     -0.4481131386
          0,           0,         352,      -5.926483545,      -3.085716263,      -3.005629307,      -2.996074956,     -0.4492307067
          0,           0,         353,      -5.927073997,      -3.098643312,      -3.011970319,      -3.003839475,     -0.4491833081
          0,           0,         354,      -5.926869997,      -3.108970266,       -3.01708235,      -3.010370669,     -0.4483169673
          0,           0,         355,      -5.926242383,      -3.116512008,      -3.021091423,      -3.015704899,     -0.4470278932
          0,           0,         356,      -5.925558716,      -3.121310384,       -3.02418155,      -3.019948891,     -0.4457069494
          0,           0,         357,       -5.92514468,      -3.123620106,      -3.026574554,      -3.023265313,     -0.4447003102
          0,           0,         358,       -5.92527532,      -3.123863298,       -3.02851192,      -3.025856967,     -0.4442993537
          0,           0,         359,      -5.926184782,      -3.122573085,      -3.030239318,      -3.027950734,     -0.4447494264
          0,           0,         360,      -5.928076034,      -3.120337843,      -3.031993514,      -3.029782088,       -0.44625979
          0,           0,         361,      -5.931122528,      -3.117750346,      -3.033992019,      -3.031581306,     -0.4490066692
          0,           0,         362,      -5.935464391,      -3.115366305,      -3.036425874,      -3.033562467,     -0.4531310743
          0,           0,         363,      -5.941203587,      -3.113675829,      -3.039455843,      -3.035916049,     -0.4587353769
          0,           0,         364,       -5.94840129,      -3.113089061,      -3.043210657,      -3.038804616,     -0.4658814695
          0,           0,         365,      -5.957077045,      -3.113934661,      -3.047787024,      -3.042360893,     -0.4745902142
          0,           0,         366,      -5.967212025,      -3.116466983,      -3.053250899,      -3.046687847,     -0.4848443139
          0,           0,         367,       -5.97873663,       -3.12087446,      -3.059637126,      -3.051858099,     -0.4965768252
          0,           0,         368,      -5.991544614,      -3.127291662,      -3.066952074,      -3.057916554,     -0.5096829579
          0,           0,         369,      -6.005479698,      -3.135808149,      -3.075173789,      -3.064880799,     -0.5240071367
          0,           0,         370,      -6.020331845,      -3.146473199,      -3.084252255,      -3.072741794,      -0.539338017
          0,           0,         371,      -6.035833127,      -3.159296565,       -3.09410948,      -3.081464387,     -0.5554027578
          0,           0,         372,      -6.051656218,      -3.174244235,      -3.104639398,      -3.090987413,     -0.5718636517
          0,           0,         373,       -6.06741952,      -3.191228801,      -3.115707926,      -3.101223414,     -0.5883212557
          0,           0,         374,      -6.082702893,      -3.210094389,       -3.12715359,      -3.112058151,     -0.6043285681
          0,           0,         375,      -6.097076615,      -3.230596567,      -3.138789069,      -3.123349887,     -0.6194197758
          0,           0,         376,      -6.110142802,      -3.252378317,      -3.150404679,      -3.134929017,     -0.6331537465
          0,           0,         377,      -6.121572483,      -3.274945564,      -3.161773173,      -3.146598231,     -0.6451559245
          0,           0,         378,      -6.131111403,      -3.297643212,       -3.17265218,      -3.158129125,     -0.6551338266
          0,           0,         379,      -6.138618114,      -3.319658885,      -3.182803505,      -3.169274881,     -0.6629186681
          0,           0,         380,      -6.144074899,      -3.340049454,      -3.192016413,      -3.179788802,     -0.6684792331
          0,           0,         381,      -6.147596529,      -3.357816201,      -3.200130838,      -3.189446195,     -0.6719331488
          0,           0,         382,      -6.149437405,      -3.372041635,      -3.207057461,       -3.19806825,      -0.673552876
          0,           0,         383,      -6.149962414,      -3.382060961,      -3.212785466,      -3.205540429,     -0.6737334469
          0,           0,         384,      -6.149586574,      -3.387605729,      -3.217378513,       -3.21182052,     -0.6729275906
          0,           0,         385,      -6.148714226,      -3.388853478,      -3.220963867,      -3.216939088,     -0.6715797175
          0,           0,         386,      -6.147705842,       -3.38636453,      -3.223719953,      -3.220995823,     -0.6700876556
          0,           0,         387,      -6.146877155,      -3.380949853,      -3.225863378,      -3.224151689,     -0.6687978796
          0,           0,         388,      -6.146513481,      -3.373531008,      -3.227634114,      -3.226615441,     -0.6680179084
          0,           0,         389,      -6.146878608,      -3.365027355,      -3.229279251,      -3.228625361,      -0.668025496
          0,           0,         390,      -6.148212319,      -3.356279247,      -3.231037699,      -3.230429696,     -0.6690680179
          0,           0,         391,      -6.150722176,      -3.348004523,      -3.233128156,      -3.232269829,     -0.6713565935
          0,           0,         392,      -6.154575672,      -3.340782311,      -3.235741301,      -3.234367787,     -0.6750602609
          0,           0,         393,      -6.159896043,      -3.335056676,        -3.2390357,      -3.236918536,     -0.6803031142
          0,           0,         394,      -6.166761927,      -3.331152183,      -3.243136466,      -3.240085825,     -0.6871646281
          0,           0,         395,      -6.175209205,      -3.329295135,      -3.248135723,      -3.244001173,     -0.6956816988
          0,           0,         396,      -6.185233412,      -3.329635212,      -3.254094099,      -3.248764355,     -0.7058509742
          0,           0,         397,      -6.196790017,      -3.332265556,      -3.261042503,      -3.254444934,     -0.7176289107
          0,           0,         398,      -6.209792719,      -3.337237381,      -3.268983786,      -3.261083811,     -0.7309296499
          0,           0,         399,      -6.224104041,      -3.344568476,      -3.277893277,      -3.268694353,     -0.7456153228
          0,           0,         400,      -6.239544848,      -3.354250338,      -3.287720937,      -3.277265352,     -0.7615030021
          0,           0,         401,      -6.255863168,      -3.366245235,      -3.298389125,      -3.286759025,     -0.7783343028
          0,           0,         402,      -6.272745365,       -3.38048013,      -3.309793492,      -3.297112464,     -0.7957830294
          0,           0,         403,      -6.289813726,      -3.396839021,      -3.321802736,      -3.308237647,     -0.8134512013
          0,           0,         404,      -6.306637538,      -3.415147406,      -3.334259159,      -3.320021003,     -0.8308785584
          0,           0,         405,      -6.322755792,      -3.435153208,       -3.34698016,      -3.332322874,     -0.8475651566
          0,           0,         406,      -6.337711786,      -3.456503376,      -3.359760911,      -3.344977309,     -0.8630083382
          0,           0,         407,      -6.351078644,      -3.478715486,      -3.372374183,      -3.357788107,     -0.8767351704
          0,           0,         408,      -6.362497008,      -3.501159168,      -3.384573694,      -3.370527723,     -0.8883481279
          0,           0,         409,      -6.371743649,      -3.523060224,      -3.396119002,      -3.382953954,      -0.897596459
          0,           0,         410,      -6.378725891,      -3.543516236,       -3.40679304,      -3.394821885,     -0.9043779681
          0,           0,         411,      -6.383494203,      -3.561561574,      -3.416419408,      -3.405899505,     -0.9087544696
          0,           0,         412,      -6.386265643,      -3.576290111,      -3.424883712,      -3.415990944,     -0.9109716791
          0,           0,         413,      -6.387410421,      -3.587016422,      -3.432147952,      -3.424958405,     -0.9114411384
          0,           0,         414,      -6.387395808,      -3.593424876,      -3.438253041,      -3.432736396,     -0.9106781824
          0,           0,         415,      -6.386710135,      -3.595638151,      -3.443309091,      -3.439334282,     -0.9092195223
          0,           0,         416,      -6.385797342,      -3.594168987,      -3.447479766,      -3.444830899,      -0.907552446
          0,           0,         417,      -6.385027753,      -3.589788113,      -3.450966871,      -3.449365468,      -0.906081931
          0,           0,         418,      -6.384705054,      -3.583378882,      -3.453996543,       -3.45312591,     -0.9051359183
          0,           0,         419,      -6.385086116,      -3.575824946,      -3.456805457,      -3.456333737,     -0.9049854758
          0,           0,         420,      -6.386392902,      -3.567937837,        -3.4596268,      -3.459226519,     -0.9058586965
          0,           0,         421,      -6.388812939,      -3.560416188,      -3.462677962,      -3.462040985,     -0.9079439308
          0,           0,         422,      -6.392494684,      -3.553829046,      -3.466151608,      -3.464999399,     -0.9113877255
          0,           0,         423,      -6.397543467,      -3.548617322,      -3.470210463,      -3.468300226,      -0.916292595
          0,           0,         424,      -6.404019898,      -3.545107034,      -3.474984992,      -3.472112781,     -0.9227164143
          0,           0,         425,       -6.41194005,      -3.543528018,      -3.480572928,       -3.47657489,     -0.9306729822
          0,           0,         426,      -6.421276146,      -3.544033629,      -3.487039755,        -3.4817924,     -0.9401326599
          0,           0,         427,      -6.431956435,      -3.546718117,      -3.494419515,      -3.487839696,     -0.9510219405
          0,           0,         428,       -6.44386374,      -3.551629686,      -3.502715576,      -3.494760735,     -0.9632214256
          0,           0,         429,      -6.456836348,      -3.558780404,      -3.511901546,      -3.502570317,     -0.9765655438
          0,           0,         430,       -6.47065026,      -3.568147969,      -3.521919962,      -3.511253188,     -0.9908250814
          0,           0,         431,      -6.485036801,       -3.57967753,      -3.532683799,      -3.520766383,       -1.00572124
          0,           0,         432,      -6.499669978,      -3.593277146,       -3.54407557,      -3.531038146,       -1.02091275
          0,           0,         433,      -6.514175162,      -3.608807651,      -3.555947258,       -3.54196768,      -1.036003106
          0,           0,         434,      -6.528146549,      -3.626069858,      -3.568121622,      -3.553425323,      -1.050557243
          0,           0,         435,       -6.54117458,      -3.644787991,      -3.580394616,      -3.565252473,      -1.064129728
          0,           0,         436,       -6.55287181,      -3.664588988,      -3.592536041,      -3.577258051,      -1.076295173
          0,           0,         437,      -6.562921375,      -3.684989773,      -3.604293702,      -3.589218034,       -1.08670284
          0,           0,         438,      -6.571143499,      -3.705399019,      -3.615415472,      -3.600893411,      -1.095144553
          0,           0,         439,      -6.577463385,      -3.725112032,      -3.625666159,      -3.612040696,      -1.101529986
          0,           0,         440,      -6.581895793,      -3.743333758,      -3.634844094,      -3.622424028,      -1.105874857
          0,           0,         441,      -6.584567916,      -3.759244234,      -3.642805186,       -3.63183713,      -1.108320856
          0,           0,         442,      -6.585733475,      -3.772104227,       -3.64948369,      -3.640127489,      -1.109146027
          0,           0,         443,      -6.585756375,      -3.781384144,       -3.65490117,      -3.647214424,      -1.108744966
          0,           0,         444,       -6.58506131,      -3.786874223,      -3.659160778,       -3.65309556,      -1.107576147
          0,           0,         445,       -6.58406955,      -3.788725468,      -3.662430236,      -3.657841822,      -1.106094679
          0,           0,         446,      -6.583150249,       -3.78740155,      -3.664921106,      -3.661585963,      -1.104700672
          0,           0,         447,      -6.582607192,      -3.783573246,      -3.666870425,      -3.664509394,      -1.103723244
          0,           0,         448,      -6.582693001,      -3.778007412,      -3.668525822,      -3.666828304,      -1.103433073
          0,           0,         449,      -6.583626629,      -3.771479699,      -3.670132556,      -3.668778439,      -1.104059997
          0,           0,         450,      -6.585599454,      -3.764714119,        -3.6719219,      -3.670599504,      -1.105800732
          0,           0,         451,      -6.588771519,      -3.758344175,      -3.674102014,      -3.672521274,      -1.108817259
          0,           0,         452,      -6.593265528,      -3.752893759,      -3.676851896,        -3.6747532,      -1.113232627
          0,           0,         453,      -6.599162958,      -3.748774308,      -3.680318392,      -3.677477796,      -1.119128148
          0,           0,         454,      -6.606502983,      -3.746293589,      -3.684615435,      -3.680847248,      -1.126542742
          0,           0,         455,      -6.615283104,      -3.745670942,      -3.689824631,       -3.68498233,      -1.135473534
          0,           0,         456,       -6.62545994,      -3.747054476,      -3.695996485,      -3.689972752,      -1.145876361
          0,           0,         457,      -6.636945166,      -3.750536035,      -3.703151325,      -3.695877809,      -1.157661557
          0,           0,         458,      -6.649616854,      -3.756166057,       -3.71128179,       -3.70272916,      -1.170703483
          0,           0,         459,      -6.663295124,      -3.763959994,      -3.720351947,       -3.71053006,      -1.184817114
          0,           0,         460,      -6.677749381,      -3.773900353,      -3.730297648,      -3.719256764,      -1.199762885
          0,           0,         461,      -6.692693287,      -3.785936626,       -3.74102627,      -3.728858519,      -1.215240421
          0,           0,         462,      -6.707785979,      -3.799980145,       -3.75241624,       -3.73925718,      -1.230888357
          0,           0,         463,      -6.722642142,       -3.81589528,       -3.76431705,      -3.750346754,      -1.246293433
          0,           0,         464,      -6.736853508,      -3.833487346,      -3.776550343,      -3.761993078,      -1.261012153
          0,           0,         465,      -6.750022338,      -3.852487961,      -3.788912503,      -3.774033743,      -1.274606424
          0,           0,         466,      -6.761795533,      -3.872537457,      -3.801176375,      -3.786276113,      -1.286683222
          0,           0,         467,      -6.771890573,      -3.893169727,      -3.813090132,      -3.798493185,      -1.296929191
          0,           0,         468,      -6.780137689,      -3.913817639,       -3.82439651,      -3.810437463,      -1.305155517
          0,           0,         469,       -6.78646572,      -3.933814428,      -3.834856744,      -3.821856822,      -1.311286886
          0,           0,         470,      -6.790892998,      -3.952412616,      -3.844267389,      -3.832507998,      -1.315354057
          0,           0,         471,      -6.793554073,      -3.968843456,      -3.852482587,      -3.842178464,      -1.317516631
          0,           0,         472,       -6.79471305,      -3.982411333,      -3.859433406,      -3.850710794,      -1.318071897
          0,           0,         473,      -6.794741925,      -3.992607959,      -3.865135489,      -3.858020557,      -1.317429264
          0,           0,         474,      -6.794065967,      -3.999210329,      -3.869683431,      -3.864102512,      -1.316052204
          0,           0,         475,      -6.793100809,      -4.002320289,      -3.873235901,      -3.869026232,       -1.31439229
          0,           0,         476,       -6.79221104,      -4.002330442,      -3.875997772,      -3.872925777,       -1.31284506
          0,           0,         477,      -6.791702605,      -3.999841111,      -3.878203013,      -3.875986522,       -1.31174026
          0,           0,         478,      -6.791836098,      -3.995566601,      -3.880098794,      -3.878429738,       -1.31135421
          0,           0,         479,      -6.792839819,      -3.990253172,      -3.881930691,      -3.880495535,      -1.311923565
          0,           0,         480,      -6.794912759,      -3.984614959,      -3.883929932,      -3.882426222,      -1.313650254
          0,           0,         481,      -6.798220384,      -3.979289513,      -3.886303895,      -3.884452374,       -1.31669959
          0,           0,         482,      -6.802889322,      -3.974813464,      -3.889230282,      -3.886782794,      -1.321196869
          0,           0,         483,      -6.809004287,      -3.971616072,      -3.892854445,      -3.889598421,      -1.327225478
          0,           0,         484,      -6.816607473,      -3.970025747,      -3.897288865,      -3.893049443,      -1.334826825
          0,           0,         485,       -6.82569915,      -3.970283751,      -3.902613864,       -3.89725464,      -1.344001021
          0,           0,         486,      -6.836237894,      -3.972560116,      -3.908878811,      -3.902301993,      -1.354706932
          0,           0,         487,      -6.848139386,      -3.976968349,      -3.916103371,      -3.908249851,      -1.366860586
          0,           0,         488,      -6.861273301,      -3.983576976,      -3.924278462,      -3.915128145,       -1.38033145
          0,           0,         489,      -6.875458527,      -3.992416933,       -3.93336677,      -3.922939379,      -1.394936732
          0,           0,         490,      -6.890461194,      -4.003485212,      -3.943303208,       -3.93165962,      -1.410437802
          0,           0,         491,      -6.905977172,        -4.0167404,      -3.953993211,      -3.941237129,      -1.426522441
          0,           0,         492,       -6.92165307,      -4.032098023,       -3.96531419,      -3.951594162,      -1.442821827
          0,           0,         493,       -6.93708369,      -4.049419113,      -3.977114925,       -3.96262551,        -1.4589077
          0,           0,         494,      -6.951836823,      -4.068493304,      -3.989216838,      -3.974198279,      -1.474316014
          0,           0,         495,       -6.96548997,      -4.089018846,      -4.001416857,      -3.986151986,      -1.488584504
          0,           0,         496,      -6.977665883,      -4.110578908,      -4.013490249,      -3.998297257,      -1.501292532
          0,           0,         497,      -6.988051162,      -4.132617924,       -4.02519046,      -4.010410914,      -1.512088969
          0,           0,         498,      -6.996455072,      -4.154440918,      -4.036267956,      -4.022249117,      -1.520753573
          0,           0,         499,      -7.002811847,      -4.175220127,      -4.046492855,      -4.033563548,       -1.52720298
          0,           0,         500,      -7.007169797,      -4.194033955,      -4.055673196,      -4.044116049,      -1.531484959
          0,           0,         501,      -7.009712643,      -4.209963776,      -4.063677589,      -4.053701347,      -1.533797974
          0,           0,         502,       -7.01075754,      -4.222237273,      -4.070451886,      -4.062169921,      -1.534485943
          0,           0,         503,      -7.010714131,      -4.230382364,      -4.076023081,      -4.069442923,       -1.53399344
          0,           0,         504,      -7.010019143,      -4.234329167,      -4.080490963,      -4.075516269,      -1.532795896
          0,           0,         505,      -7.009077052,      -4.234410169,       -4.08401352,      -4.080457012,      -1.531335765
          0,           0,         506,      -7.008233205,      -4.231266264,      -4.086791887,      -4.084395983,      -1.529991634
          0,           0,         507,      -7.007780374,       -4.22571456,       -4.08905612,      -4.087517209,      -1.529081951
          0,           0,         508,      -7.007977041,      -4.218628887,      -4.091050548,      -4.090043016,      -1.528882391
          0,           0,         509,      -7.009056855,      -4.210851654,      -4.093018799,       -4.09221594,      -1.529636359
          0,           0,         510,      -7.011226506,      -4.203136451,      -4.095190431,      -4.094280794,      -1.531555046
          0,           0,         511,      -7.014658413,      -4.196117255,      -4.097771017,      -4.096469896,      -1.534812418
          0,           0,         512,       -7.01948445,      -4.190299404,      -4.100936126,      -4.098992735,      -1.539540677
          0,           0,         513,      -7.025792969,      -4.186066281,      -4.104828531,      -4.102029881,      -1.545828275
          0,           0,         514,      -7.033625279,      -4.183694337,      -4.109557208,       -4.10572977,      -1.553717035
          0,           0,         515,      -7.042990479,       -4.18337541,      -4.115199491,      -4.110209593,      -1.563215899
          0,           0,         516,      -7.053847503,      -4.185234388,      -4.121800691,      -4.115554145,      -1.574284333
          0,           0,         517,      -7.066115103,      -4.189344976,      -4.129376298,      -4.121818048,      -1.586840829
          0,           0,         518,      -7.079666929,      -4.195742528,      -4.137913056,      -4.129027147,      -1.600757546
          0,           0,         519,      -7.094324918,      -4.204430726,      -4.147369495,      -4.137179586,       -1.61585282
          0,           0,         520,      -7.109852697,      -4.215383086,      -4.157675916,      -4.146246435,        -1.6318832
          0,           0,         521,      -7.125950964,       -4.22853981,      -4.168734032,      -4.156171847,       -1.64853708
          0,           0,         522,      -7.142258102,      -4.243800231,       -4.18041674,      -4.166872935,      -1.665433434
          0,           0,         523,       -7.15835976,      -4.261010887,      -4.192568499,      -4.178239576,      -1.682129918
          0,           0,         524,      -7.173810862,      -4.279949346,      -4.205006836,      -4.190134347,      -1.698144612
          0,           0,         525,      -7.188169888,      -4.300304273,      -4.217525232,      -4.202392584,      -1.712992285
          0,           0,         526,      -7.201029869,      -4.321650983,      -4.229894218,      -4.214819675,      -1.726221513
          0,           0,         527,      -7.212049962,      -4.343431762,       -4.24186223,      -4.227188066,      -1.737455009
          0,           0,         528,      -7.221017625,      -4.364958902,      -4.253178844,      -4.239253422,      -1.746454258
          0,           0,         529,      -7.227838132,      -4.385419297,      -4.263615517,      -4.250768069,      -1.753114889
          0,           0,         530,      -7.232536392,        -4.4039149,      -4.272982553,       -4.26149504,       -1.75747135
          0,           0,         531,      -7.235284844,      -4.419557235,      -4.281151075,      -4.271230598,      -1.759721542
          0,           0,         532,      -7.236404492,       -4.43160468,      -4.288070274,      -4.279828004,      -1.760223368
          0,           0,         533,      -7.236324732,      -4.439609258,      -4.293772548,      -4.287213825,      -1.759449546
          0,           0,         534,      -7.235514889,      -4.443514495,      -4.298365519,      -4.293392402,      -1.757913991
          0,           0,         535,       -7.23441637,      -4.443655419,      -4.302015792,      -4.298440456,      -1.756099359
          0,           0,         536,      -7.233404639,      -4.440665612,      -4.304931319,      -4.302496832,      -1.754415392
          0,           0,         537,      -7.232788675,      -4.435346131,      -4.307345645,       -4.30575001,      -1.753196152
          0,           0,         538,      -7.232829236,      -4.428548669,       -4.30950333,      -4.308423081,      -1.752717914
          0,           0,         539,      -7.233752741,      -4.421091322,      -4.311645854,      -4.310756609,       -1.75321449
          0,           0,         540,      -7.235753356,      -4.413704585,      -4.313999188,      -4.312991781,      -1.754881812
          0,           0,         541,       -7.23898843,      -4.407002514,        -4.3167646,      -4.315356476,      -1.757875954
          0,           0,         542,      -7.243573789,      -4.401474569,      -4.320113191,      -4.318055505,      -1.762310342
          0,           0,         543,      -7.249581549,      -4.397492571,      -4.324183517,      -4.321264884,      -1.768254681
          0,           0,         544,      -7.257040148,      -4.395326394,      -4.329081243,      -4.325129308,      -1.775735428
          0,           0,         545,      -7.265935205,      -4.395162786,       -4.33487987,      -4.329761696,      -1.784736676
          0,           0,         546,      -7.276209775,       -4.39712329,      -4.341621869,      -4.335243876,      -1.795200152
          0,           0,         547,      -7.287763241,      -4.401279019,      -4.349319752,      -4.341627708,      -1.807023646
          0,           0,         548,      -7.300448671,      -4.407661248,      -4.357956849,      -4.348936187,      -1.820057642
          0,           0,         549,      -7.314069061,      -4.416267495,      -4.367487627,      -4.357164284,      -1.834100552
          0,           0,         550,      -7.328373601,      -4.427063047,      -4.377837571,      -4.366279356,      -1.848893697
          0,           0,         551,      -7.343056086,      -4.439978038,      -4.388902769,      -4.376221127,      -1.864118232
          0,           0,         552,      -7.357758677,      -4.454900162,      -4.400549638,       -4.38690135,      -1.879397425
          0,           0,         553,       -7.37208514,       -4.47166337,       -4.41261537,      -4.398203465,      -1.894308837
          0,           0,         554,      -7.385626597,      -4.490033152,      -4.424909811,      -4.409982609,       -1.90841009
          0,           0,         555,      -7.397994126,      -4.509688309,      -4.437218055,      -4.422064905,      -1.921273832
          0,           0,         556,      -7.408842569,      -4.530199987,      -4.449299559,         -4.434242,      -1.932518674
          0,           0,         557,      -7.417929206,      -4.551027043,      -4.460898543,      -4.446277389,      -1.941872484
          0,           0,         558,      -7.425141228,      -4.571517349,      -4.471768143,      -4.457925258,      -1.949201224
          0,           0,         559,      -7.430455059,      -4.590911176,        -4.4816856,      -4.468939698,      -1.954475643
          0,           0,         560,      -7.433949516,      -4.608386831,      -4.490473362,      -4.479092692,      -1.957783747
          0,           0,         561,      -7.435825741,      -4.623148443,      -4.498022037,      -4.488197916,       -1.95934729
          0,           0,         562,      -7.436405025,      -4.634547631,      -4.504305326,      -4.496132734,      -1.959516021
          0,           0,         563,      -7.436090576,      -4.642208501,      -4.509381056,      -4.502850474,       -1.95872615
          0,           0,         564,      -7.435305883,      -4.646105345,       -4.51337944,      -4.508380872,      -1.957435553
          0,           0,         565,      -7.434437703,      -4.646555453,       -4.51648481,      -4.512822212,      -1.956063658
          0,           0,         566,      -7.433812838,      -4.644137358,      -4.518917637,      -4.516330029,      -1.954965389
          0,           0,         567,      -7.433702923,      -4.639581098,      -4.520918743,      -4.519104278,      -1.954433621
          0,           0,         568,       -7.43434346,      -4.633669511,       -4.52273502,      -4.521373961,      -1.954717669
          0,           0,         569,      -7.435944213,      -4.627164296,      -4.524606202,      -4.523380562,      -1.956034738
          0,           0,         570,      -7.438687398,      -4.620755014,      -4.526753612,      -4.525362314,      -1.958570191
          0,           0,         571,      -7.442721028,      -4.615029076,      -4.529372144,      -4.527541591,      -1.962472969
          0,           0,         572,      -7.448153299,      -4.610460526,      -4.532625647,      -4.530116298,      -1.967851426
          0,           0,         573,      -7.455050008,      -4.607413475,      -4.536645039,       -4.53325495,      -1.974771478
          0,           0,         574,      -7.463434427,      -4.606154814,       -4.54152822,      -4.537094563,      -1.983256664
          0,           0,         575,      -7.473288169,      -4.606871083,       -4.54734099,        -4.5417404,      -1.993288833
          0,           0,         576,      -7.484551388,      -4.609685556,      -4.554118365,      -4.547266781,      -2.004807984
          0,           0,         577,         -7.497121,      -4.614672736,       -4.56186583,      -4.553718363,      -2.017709966
          0,           0,         578,      -7.510846511,      -4.621868553,        -4.5705602,      -4.561111393,      -2.031841556
          0,           0,         579,      -7.525524315,      -4.631275634,      -4.580149921,      -4.569434591,      -2.046993672
          0,           0,         580,      -7.540892372,      -4.642863782,      -4.590554868,      -4.578649522,      -2.062894582
          0,           0,         581,      -7.556628192,      -4.656565995,      -4.601665964,      -4.588690544,      -2.079206157
          0,           0,         582,      -7.572353469,      -4.672270239,      -4.613345057,      -4.599464527,      -2.095526894
          0,           0,         583,       -7.58764912,       -4.68980708,      -4.625425588,      -4.610850557,      -2.111406065
          0,           0,         584,       -7.60208346,      -4.708933675,      -4.637714601,      -4.622699869,      -2.126372589
          0,           0,         585,      -7.615249881,      -4.729314755,      -4.649995944,      -4.634835674,      -2.139976085
          0,           0,         586,      -7.626794348,      -4.750500194,      -4.662030041,      -4.647049123,      -2.151822223
          0,           0,         587,       -7.63645338,      -4.771915539,      -4.673560263,      -4.659101669,      -2.161617836
          0,           0,         588,      -7.644088176,      -4.792868213,      -4.684339986,      -4.670743694,      -2.169206747
          0,           0,         589,      -7.649662879,      -4.812557047,      -4.694150872,      -4.681727264,       -2.17455322
          0,           0,         590,      -7.653261301,      -4.830124924,      -4.702822675,       -4.69182437,      -2.177757988
          0,           0,         591,      -7.655109092,      -4.844758164,      -4.710254865,      -4.700851314,        -2.1790762
          0,           0,         592,      -7.655561529,      -4.855818311,       -4.71642943,      -4.708690334,      -2.178900864
          0,           0,         593,      -7.655053094,      -4.862969041,       -4.72141029,      -4.715300976,      -2.177707997
          0,           0,         594,      -7.654029266,      -4.866244446,      -4.725331348,      -4.720719853,      -2.175984146
          0,           0,         595,      -7.652891909,      -4.866026682,      -4.728379417,      -4.725052789,      -2.174167968
          0,           0,         596,      -7.651979484,      -4.862952337,      -4.730777242,      -4.728463464,       -2.17262745
          0,           0,         597,      -7.651576655,      -4.857797262,      -4.732767765,      -4.731159477,      -2.171667905
          0,           0,         598,      -7.651930742,      -4.851376182,      -4.734599014,      -4.733375769,      -2.171548633
          0,           0,         599,      -7.653258897,      -4.844467765,      -4.736510112,      -4.735357036,      -2.172491911
          0,           0,         600,      -7.655745634,      -4.837764874,      -4.738719993,      -4.737341889,      -2.174683026
          0,           0,         601,      -7.659537194,      -4.831848129,      -4.741419855,      -4.739550728,      -2.178266918
          0,           0,         602,      -7.664737598,      -4.827179307,      -4.744769195,      -4.742177885,      -2.183345796
          0,           0,         603,      -7.671407486,      -4.824108977,      -4.748894527,      -4.745387482,      -2.189978772
          0,           0,         604,      -7.679564741,      -4.822892034,      -4.753889719,       -4.74931203,      -2.198182753
          0,           0,         605,      -7.689185374,      -4.823705721,      -4.759817125,      -4.754052681,      -2.207933248
          0,           0,         606,      -7.700203298,      -4.826666439,      -4.766708896,      -4.759680301,      -2.219163841
          0,           0,         607,      -7.712508369,      -4.831843274,       -4.77456812,      -4.766236755,      -2.231763715
          0,           0,         608,      -7.725942658,      -4.839267289,      -4.783369549,       -4.77373604,       -2.24557314
          0,           0,         609,       -7.74029557,      -4.848936247,      -4.793059818,      -4.782165045,      -2.260377487
          0,           0,         610,      -7.755299392,        -4.8608147,      -4.803557226,      -4.791483853,       -2.27590137
          0,           0,         611,      -7.770627904,      -4.874829441,      -4.814751309,       -4.80162561,       -2.29180556
          0,           0,         612,      -7.785901797,      -4.890860421,      -4.826502669,      -4.812496129,       -2.30769075
          0,           0,         613,      -7.800705203,      -4.908727368,      -4.838643636,       -4.82397352,      -2.323112939
          0,           0,         614,       -7.81461561,      -4.928172687,      -4.850980417,      -4.835908142,      -2.337613541
          0,           0,         615,      -7.827239751,       -4.94884074,      -4.863295966,      -4.848121899,      -2.350758112
          0,           0,         616,      -7.838234416,      -4.970254049,      -4.875348899,      -4.860402565,      -2.362165234
          0,           0,         617,      -7.847361995,       -4.99180745,      -4.886885192,      -4.872510944,      -2.371566824
