"EVALUATION"    , "DRAG"          , "EFFICIENCY"    , "FORCE_X"       , "FORCE_Y"       , "FORCE_Z"       , "LIFT"          , "MOMENT_X"      , "MOMENT_Y"      , "MOMENT_Z"      , "SIDEFORCE"     , "Time_Iter"     , "Outer_Iter"    , "Inner_Iter"    , "RMS_DENSITY"   , "RMS_MOMENTUM-X", "RMS_MOMENTUM-Y", "RMS_ENERGY"    , "RefForce"      
1               , 0.02148054548   , 15.29226589     , 0.01430954472   , 0.3288766378    , 0.0             , 0.328486213     , 0.0             , 0.0             , 0.03411494339   , 0.0             , 0.0             , 0.0             , 469.0           , -13.02269359    , -13.39987392    , -13.61793416    , -12.46044646    , 0.448           
2               , 0.009219632258  , 26.04165955     , 0.003979803787  , 0.2402385137    , 0.0             , 0.2400945244    , 0.0             , 0.0             , 0.00197629125   , 0.0             , 0.0             , 0.0             , 494.0           , -13.01218172    , -13.68204596    , -13.5800544     , -12.45738875    , 0.448           
3               , 0.004102001897  , -1.386445991    , 0.004225091435  , -0.005596365984 , 0.0             , -0.005687204084 , 0.0             , 0.0             , -0.03642960621  , 0.0             , 0.0             , 0.0             , 558.0           , -13.007299      , -13.62329099    , -13.47678124    , -12.45469574    , 0.448           
4               , 0.00275859522   , 11.11524249     , 0.002089040822  , 0.03071533641   , 0.0             , 0.03066245481   , 0.0             , 0.0             , -0.03393039318  , 0.0             , 0.0             , 0.0             , 613.0           , -13.00652894    , -13.7020271     , -13.48777278    , -12.45308369    , 0.448           
5               , 0.01152670796   , 15.30415815     , 0.007675676053  , 0.1766160354    , 0.0             , 0.1764065616    , 0.0             , 0.0             , -0.008691347512 , 0.0             , 0.0             , 0.0             , 603.0           , -13.00710125    , -13.87334198    , -13.51188468    , -12.45549234    , 0.448           
6               , 0.002284862825  , 20.59187414     , 0.001257937306  , 0.04708825521   , 0.0             , 0.04704960772   , 0.0             , 0.0             , -0.03304920374  , 0.0             , 0.0             , 0.0             , 611.0           , -13.00981664    , -13.65811048    , -13.5118855     , -12.45698366    , 0.448           
7               , 0.03867490495   , 6.08890479      , 0.03352856178   , 0.2362754629    , 0.0             , 0.235487814     , 0.0             , 0.0             , 0.02814458101   , 0.0             , 0.0             , 0.0             , 615.0           , -13.01167031    , -13.83702031    , -13.53507685    , -12.46263563    , 0.448           
8               , 0.001648807007  , 47.13465307     , -4.694979745e-05, 0.07773342048   , 0.0             , 0.07771594624   , 0.0             , 0.0             , -0.03129708312  , 0.0             , 0.0             , 0.0             , 651.0           , -13.00528486    , -13.89430444    , -13.5161304     , -12.45263929    , 0.448           
9               , 0.07688454346   , 3.153545446     , 0.07157703395   , 0.2440784307    , 0.0             , 0.2424589019    , 0.0             , 0.0             , 0.06108006341   , 0.0             , 0.0             , 0.0             , 444.0           , -13.00804636    , -13.43665996    , -13.55124255    , -12.44822936    , 0.448           
10              , 0.001989266147  , 64.27176982     , -0.0008003200496, 0.1278666258    , 0.0             , 0.1278536559    , 0.0             , 0.0             , -0.02506815848  , 0.0             , 0.0             , 0.0             , 583.0           , -13.01063828    , -13.8296937     , -13.53896782    , -12.46060483    , 0.448           
11              , 0.001571149974  , 52.66512429     , -0.0002342924052, 0.08275939209   , 0.0             , 0.08274480866   , 0.0             , 0.0             , -0.03095545187  , 0.0             , 0.0             , 0.0             , 653.0           , -13.01494923    , -13.9240693     , -13.58735722    , -12.4646194     , 0.448           
12              , 0.03429922272   , 6.749032963     , 0.0292412072    , 0.2321797308    , 0.0             , 0.2314865847    , 0.0             , 0.0             , 0.03132008743   , 0.0             , 0.0             , 0.0             , 580.0           , -13.01546438    , -13.84409719    , -13.52681238    , -12.46611152    , 0.448           
13              , 0.001336987069  , 83.34322507     , -0.001094137869 , 0.1114314634    , 0.0             , 0.1114288142    , 0.0             , 0.0             , -0.02796295558  , 0.0             , 0.0             , 0.0             , 592.0           , -13.00712692    , -13.78905849    , -13.58179851    , -12.45532242    , 0.448           
14              , 0.001566854712  , 74.1558064      , -0.0009682196375, 0.116197905     , 0.0             , 0.1161913747    , 0.0             , 0.0             , -0.02597932201  , 0.0             , 0.0             , 0.0             , 635.0           , -13.00083702    , -13.91648494    , -13.54465533    , -12.45132293    , 0.448           
15              , 0.001311934253  , 85.48376576     , -0.001134897247 , 0.1121510117    , 0.0             , 0.1121490804    , 0.0             , 0.0             , -0.02783729929  , 0.0             , 0.0             , 0.0             , 582.0           , -13.01001634    , -13.80356114    , -13.57751664    , -12.45613932    , 0.448           
16              , 0.003253939864  , 16.58151536     , 0.002076137855  , 0.05401339826   , 0.0             , 0.05395525383   , 0.0             , 0.0             , -0.03099815676  , 0.0             , 0.0             , 0.0             , 722.0           , -13.01004303    , -13.62223726    , -13.54032221    , -12.45575779    , 0.448           
17              , 0.001204646231  , 89.92542611     , -0.001158810412 , 0.1083288256    , 0.0             , 0.1083283256    , 0.0             , 0.0             , -0.02845528423  , 0.0             , 0.0             , 0.0             , 595.0           , -13.00828742    , -13.94989322    , -13.49450218    , -12.45717139    , 0.448           
18              , 0.00842756237   , -6.346722658    , 0.009592378343  , -0.05329082619  , 0.0             , -0.05348740105  , 0.0             , 0.0             , -0.04008773278  , 0.0             , 0.0             , 0.0             , 693.0           , -13.0100157     , -13.45662118    , -13.63618407    , -12.45300909    , 0.448           
19              , 0.001086120102  , 89.54132495     , -0.001035693373 , 0.0972531831    , 0.0             , 0.09725263301   , 0.0             , 0.0             , -0.03033252321  , 0.0             , 0.0             , 0.0             , 645.0           , -13.00302815    , -13.8927702     , -13.56472926    , -12.45372985    , 0.448           
20              , 0.00886774216   , -14.39543892    , 0.01165041191   , -0.1274312134   , 0.0             , -0.1276550406   , 0.0             , 0.0             , -0.05393283866  , 0.0             , 0.0             , 0.0             , 757.0           , -13.00961674    , -13.55400643    , -13.47893714    , -12.45354579    , 0.448           
21              , 0.00108149161   , 75.1440491      , -0.0006916103862, 0.08127191178   , 0.0             , 0.08126765866   , 0.0             , 0.0             , -0.03312125578  , 0.0             , 0.0             , 0.0             , 682.0           , -13.00268168    , -13.91298165    , -13.5233235     , -12.45341318    , 0.448           
22              , 0.008451443434  , -22.31530571    , 0.01256364414   , -0.1883672958   , 0.0             , -0.1885965439   , 0.0             , 0.0             , -0.0695610028   , 0.0             , 0.0             , 0.0             , 706.0           , -13.01307416    , -13.32745908    , -13.54495648    , -12.45249476    , 0.448           
23              , 0.001218989595  , 51.09258029     , -0.0001399604092, 0.06229309463   , 0.0             , 0.06228132378   , 0.0             , 0.0             , -0.03658953738  , 0.0             , 0.0             , 0.0             , 668.0           , -13.0014508     , -13.70172696    , -13.50763918    , -12.44958042    , 0.448           
24              , 0.001089672494  , 72.85531213     , -0.0006424362848, 0.07939330844   , 0.0             , 0.07938842965   , 0.0             , 0.0             , -0.03347665011  , 0.0             , 0.0             , 0.0             , 685.0           , -13.00231193    , -13.906968      , -13.52299121    , -12.45326688    , 0.448           
25              , 0.001082260483  , 74.91759141     , -0.0006867555505, 0.08108466313   , 0.0             , 0.08108034867   , 0.0             , 0.0             , -0.03315680201  , 0.0             , 0.0             , 0.0             , 683.0           , -13.01208071    , -13.92250163    , -13.53188476    , -12.46286695    , 0.448           
26              , 0.001081568047  , 75.12142172     , -0.0006911253902, 0.0812531886    , 0.0             , 0.08124892936   , 0.0             , 0.0             , -0.0331248111   , 0.0             , 0.0             , 0.0             , 682.0           , -13.00238069    , -13.91255062    , -13.52305625    , -12.45311264    , 0.448           
27              , 0.001081499249  , 75.14178654     , -0.0006915618915, 0.08127003948   , 0.0             , 0.08126578575   , 0.0             , 0.0             , -0.03312161132  , 0.0             , 0.0             , 0.0             , 682.0           , -13.00265109    , -13.91286295    , -13.52330516    , -12.4533823     , 0.448           
28              , 0.001081492374  , 75.14382284     , -0.0006916055368, 0.08127172455   , 0.0             , 0.08126747137   , 0.0             , 0.0             , -0.03312129133  , 0.0             , 0.0             , 0.0             , 682.0           , -13.0026787     , -13.91277961    , -13.52332976    , -12.45340997    , 0.448           
29              , 0.001081491687  , 75.14402647     , -0.0006916099012, 0.08127189305   , 0.0             , 0.08126763994   , 0.0             , 0.0             , -0.03312125933  , 0.0             , 0.0             , 0.0             , 682.0           , -13.00268041    , -13.91287766    , -13.52333067    , -12.45341246    , 0.448           
30              , 0.001081491618  , 75.14404683     , -0.0006916103377, 0.08127190991   , 0.0             , 0.08126765679   , 0.0             , 0.0             , -0.03312125613  , 0.0             , 0.0             , 0.0             , 682.0           , -13.00268127    , -13.91277477    , -13.52333177    , -12.45341192    , 0.448           
31              , 0.001081491611  , 75.14404887     , -0.0006916103813, 0.08127191159   , 0.0             , 0.08126765848   , 0.0             , 0.0             , -0.03312125581  , 0.0             , 0.0             , 0.0             , 682.0           , -13.00268122    , -13.91285598    , -13.52333023    , -12.45341313    , 0.448           
32              , 0.00108149161   , 75.14404907     , -0.0006916103857, 0.08127191176   , 0.0             , 0.08126765865   , 0.0             , 0.0             , -0.03312125578  , 0.0             , 0.0             , 0.0             , 682.0           , -13.0026805     , -13.91291391    , -13.52332642    , -12.4534114     , 0.448           
