"Time_Iter","Outer_Iter","Inner_Iter",    "rms[Rho]"    ,    "rms[RhoU]"   ,    "rms[RhoV]"   ,    "rms[RhoE]"   ,     "rms[nu]"    
          0,           0,           0,      -4.221763571,       -16.3228386,      -16.22708125,      -2.770318294,      -10.66736107
          0,           0,           1,      -5.052953547,      -4.203344955,      -4.044732122,      -3.596380288,      -10.81831088
          0,           0,           2,      -4.943774414,      -4.299413644,      -4.413147349,       -3.48491529,       -11.0024644
          0,           0,           3,      -4.968366605,      -4.379803548,      -4.649141817,      -3.512648165,      -10.97660686
          0,           0,           4,      -5.068152677,      -4.431675482,      -4.620850913,      -3.616783911,      -10.97414483
          0,           0,           5,      -5.161148452,      -4.463010738,       -4.62247605,      -3.716881148,       -10.9770271
          0,           0,           6,      -5.217086452,      -4.486500358,      -4.648308721,       -3.78034114,      -10.97002034
          0,           0,           7,      -5.241181858,      -4.509444664,      -4.677416866,      -3.809165411,      -10.95403883
          0,           0,           8,      -5.247021925,      -4.535565103,      -4.704671774,      -3.816586139,      -10.93168191
          0,           0,           9,      -5.243589725,      -4.566947897,       -4.73169024,      -3.811814234,      -10.91087602
          0,           0,          10,      -5.237131507,      -4.602964807,        -4.7603767,      -3.802331611,      -10.89468656
          0,           0,          11,      -5.234380578,      -4.639305917,      -4.789567569,       -3.79606066,      -10.87580281
          0,           0,          12,      -5.239831519,      -4.668554482,      -4.810824518,      -3.799345065,      -10.85168604
          0,           0,          13,      -5.253366179,      -4.683858972,      -4.812499074,      -3.813894011,      -10.82589992
          0,           0,          14,      -5.270898386,      -4.686331781,      -4.795397935,      -3.835386113,      -10.80503158
          0,           0,          15,      -5.287274869,      -4.684690674,       -4.77381457,      -3.855479436,      -10.79151495
          0,           0,          16,      -5.300144132,      -4.687002251,       -4.76004277,      -3.867875625,      -10.78588765
          0,           0,          17,      -5.311353596,      -4.695851937,      -4.757775401,      -3.873646619,      -10.78467002
          0,           0,          18,      -5.325010275,        -4.7091359,      -4.764863451,      -3.879414291,       -10.7836889
          0,           0,          19,       -5.34451801,      -4.723027156,      -4.777440915,      -3.891543809,      -10.78176379
          0,           0,          20,      -5.370455824,      -4.735170753,      -4.792893213,      -3.912576239,      -10.77866053
          0,           0,          21,      -5.399253162,      -4.746270799,      -4.810771035,      -3.940048844,      -10.77503134
          0,           0,          22,      -5.423767415,      -4.759123554,      -4.831683495,      -3.966873185,      -10.77118037
          0,           0,          23,      -5.436858791,      -4.775861516,      -4.855486015,      -3.984545349,      -10.76707839
          0,           0,          24,      -5.437040986,      -4.795220057,      -4.880028024,      -3.989205167,      -10.76219229
          0,           0,          25,       -5.42997689,      -4.812041857,      -4.901206454,       -3.98488919,      -10.75694466
          0,           0,          26,      -5.423886769,      -4.819321192,      -4.914816105,      -3.979711008,       -10.7521443
          0,           0,          27,      -5.425025251,      -4.813312509,      -4.919658487,      -3.980471066,       -10.7480282
          0,           0,          28,      -5.436462691,      -4.797272658,      -4.918930724,      -3.990655045,      -10.74458387
          0,           0,          29,      -5.458600606,      -4.778980128,       -4.91801855,      -4.010766461,       -10.7416462
          0,           0,          30,      -5.489869797,      -4.765602948,      -4.921390746,      -4.039129055,      -10.73858937
          0,           0,          31,      -5.527186303,      -4.761238984,      -4.931263459,      -4.072569414,      -10.73482687
          0,           0,          32,      -5.566314302,      -4.767002896,      -4.947715253,      -4.107101227,      -10.72933654
          0,           0,          33,      -5.602516384,      -4.781684309,      -4.969284622,       -4.13881423,      -10.72109513
          0,           0,          34,      -5.631727626,      -4.802131576,      -4.993683328,      -4.164880617,      -10.70990006
          0,           0,          35,      -5.651937814,      -4.823573548,      -5.018484155,       -4.18429526,      -10.69625977
          0,           0,          36,      -5.663897161,      -4.840610515,      -5.041738378,      -4.197986185,      -10.68113139
          0,           0,          37,       -5.67057298,       -4.84945372,      -5.062349628,      -4.208207662,      -10.66514667
          0,           0,          38,      -5.675870565,      -4.849947018,      -5.080031036,      -4.217693903,      -10.64921274
          0,           0,          39,      -5.683442642,      -4.845156901,      -5.094893016,       -4.22906805,      -10.63374197
          0,           0,          40,      -5.696087964,      -4.839059572,      -5.106981573,      -4.244583671,      -10.61877996
          0,           0,          41,      -5.715586784,      -4.834653576,       -5.11626899,      -4.265979875,      -10.60467425
          0,           0,          42,      -5.742585443,      -4.833431157,      -5.123060394,      -4.294257189,      -10.59156356
          0,           0,          43,      -5.776324445,      -4.835681077,      -5.128308435,      -4.329003671,      -10.57939375
          0,           0,          44,      -5.813856222,      -4.840950171,      -5.133493432,      -4.367321315,      -10.56799149
          0,           0,          45,      -5.849408064,      -4.848337936,      -5.140263652,      -4.403254438,      -10.55739482
          0,           0,          46,       -5.87558742,        -4.8566467,      -5.150114801,      -4.429224646,      -10.54768404
          0,           0,          47,      -5.887255574,       -4.86455933,      -5.164040689,      -4.440262021,      -10.53887064
          0,           0,          48,      -5.885225868,       -4.87092667,      -5.181999296,      -4.437672272,      -10.53086799
          0,           0,          49,      -5.875618353,       -4.87504469,      -5.202547941,      -4.427930451,       -10.5235011
          0,           0,          50,      -5.865786833,      -4.876812364,      -5.223072179,      -4.418388716,      -10.51661348
          0,           0,          51,      -5.861212992,      -4.876700568,      -5.240602869,      -4.414299409,      -10.51002494
          0,           0,          52,      -5.864911519,      -4.875546115,      -5.252973846,      -4.418356706,      -10.50359761
          0,           0,          53,      -5.878037661,      -4.874274205,      -5.259753935,      -4.431331968,      -10.49735387
          0,           0,          54,        -5.9005131,      -4.873662878,      -5.262305193,      -4.452677093,      -10.49125102
          0,           0,          55,      -5.931288679,      -4.874205461,      -5.262965975,      -4.480774718,      -10.48508097
          0,           0,          56,      -5.968227269,      -4.876069054,      -5.264031988,      -4.512882323,      -10.47867789
          0,           0,          57,      -6.007778053,      -4.879124203,      -5.267138465,      -4.545044575,      -10.47189462
          0,           0,          58,      -6.044960085,      -4.883012697,      -5.273179868,      -4.572577909,       -10.4646755
          0,           0,          59,       -6.07436556,      -4.887225775,       -5.28252319,      -4.591618239,      -10.45703287
          0,           0,          60,      -6.091996805,      -4.891195323,      -5.295014549,      -4.600747259,      -10.44896292
          0,           0,          61,      -6.097074932,      -4.894421831,      -5.309640594,      -4.601258859,      -10.44059605
          0,           0,          62,      -6.093205797,      -4.896619588,      -5.324524083,      -4.596703779,      -10.43195761
          0,           0,          63,      -6.086805694,       -4.89777705,      -5.337560721,       -4.59173614,      -10.42315665
          0,           0,          64,      -6.083791123,      -4.898118532,      -5.347208782,      -4.590404563,      -10.41423701
          0,           0,          65,      -6.087956859,      -4.898029724,      -5.353043609,      -4.595266112,       -10.4051594
          0,           0,          66,      -6.101016332,      -4.897962613,      -5.355837346,      -4.607333789,      -10.39593377
          0,           0,          67,      -6.122962246,      -4.898339433,      -5.357133787,      -4.626211394,      -10.38653098
          0,           0,          68,      -6.152102933,      -4.899477722,      -5.358609047,      -4.650094137,      -10.37694945
          0,           0,          69,      -6.184752748,      -4.901549826,      -5.361574337,      -4.675692553,      -10.36723042
          0,           0,          70,      -6.215188739,      -4.904577457,      -5.366784084,      -4.698550685,      -10.35737727
          0,           0,          71,      -6.237291697,      -4.908457721,      -5.374537406,      -4.714587955,      -10.34736327
          0,           0,          72,      -6.247885138,      -4.912998233,      -5.384821983,       -4.72239707,      -10.33722362
          0,           0,          73,      -6.248361285,      -4.917944847,      -5.397175867,      -4.723721088,       -10.3269659
          0,           0,          74,      -6.243369199,      -4.923025556,      -5.410551106,      -4.722028929,      -10.31660649
          0,           0,          75,      -6.238523739,      -4.928018426,      -5.423585907,      -4.721121359,      -10.30618941
          0,           0,          76,       -6.23843866,      -4.932810503,      -5.435071178,      -4.724092075,      -10.29571636
          0,           0,          77,      -6.245879218,      -4.937416968,      -5.444319351,      -4.732736517,      -10.28516987
          0,           0,          78,      -6.261798356,      -4.941958938,      -5.451318759,      -4.747414454,      -10.27457585
          0,           0,          79,      -6.285529447,      -4.946614043,      -5.456644984,      -4.767090402,      -10.26394477
          0,           0,          80,      -6.314754466,      -4.951558942,      -5.461193732,      -4.789397347,      -10.25327054
          0,           0,          81,      -6.345297587,      -4.956922555,      -5.465871377,      -4.810835718,      -10.24259844
          0,           0,          82,      -6.371357188,      -4.962760022,       -5.47138562,       -4.82744209,      -10.23193426
          0,           0,          83,      -6.387460444,      -4.969050079,      -5.478253249,      -4.836296659,      -10.22127638
          0,           0,          84,      -6.391875284,      -4.975707989,      -5.486942042,      -4.837273212,      -10.21062777
          0,           0,          85,      -6.387404865,       -4.98261068,      -5.497751843,      -4.832932438,      -10.20002883
          0,           0,          86,      -6.378953898,      -4.989630315,      -5.510502657,       -4.82678072,      -10.18949256
          0,           0,          87,      -6.371504108,      -4.996665651,      -5.524536918,      -4.822101932,      -10.17901902
          0,           0,          88,      -6.369040918,      -5.003665028,      -5.538992929,      -4.821434498,      -10.16862908
          0,           0,          89,      -6.374077656,      -5.010637687,      -5.553079721,      -4.826303479,      -10.15831552
          0,           0,          90,      -6.387699387,      -5.017649709,      -5.566272026,      -4.837184529,      -10.14808792
          0,           0,          91,      -6.409749356,      -5.024804584,      -5.578409825,      -4.853579273,      -10.13790629
          0,           0,          92,      -6.438857688,      -5.032213642,      -5.589686981,      -4.874093115,       -10.1277735
          0,           0,          93,      -6.472262111,      -5.039965611,      -5.600544427,      -4.896535392,      -10.11768892
          0,           0,          94,        -6.5056393,      -5.048104064,      -5.611514608,      -4.918166372,       -10.1076429
          0,           0,          95,      -6.533643049,      -5.056618783,      -5.623089989,      -4.936296358,      -10.09760584
          0,           0,          96,      -6.552065052,      -5.065451007,      -5.635676653,      -4.949336843,      -10.08759156
          0,           0,          97,      -6.560480318,      -5.074503977,      -5.649577394,      -4.957629661,      -10.07759745
          0,           0,          98,        -6.5620697,      -5.083654578,      -5.664844998,      -4.962984482,      -10.06763371
          0,           0,          99,      -6.561326099,      -5.092773148,      -5.681128444,      -4.967632112,       -10.0577145
          0,           0,         100,      -6.562447937,      -5.101751517,      -5.697752126,      -4.973647495,      -10.04785235
          0,           0,         101,      -6.568573835,      -5.110525782,      -5.713948014,       -4.98261992,       -10.0380697
          0,           0,         102,      -6.581501451,      -5.119085628,      -5.729086584,      -4.995399808,      -10.02836443
          0,           0,         103,       -6.60170145,       -5.12746926,      -5.742841341,      -5.011973156,      -10.01873572
          0,           0,         104,      -6.628363624,      -5.135746717,      -5.755260395,      -5.031454711,      -10.00920286
          0,           0,         105,      -6.659329862,      -5.143997964,      -5.766729415,       -5.05218681,      -9.999761784
          0,           0,         106,      -6.690985938,      -5.152291874,      -5.777843959,      -5.071978878,      -9.990410124
          0,           0,         107,      -6.718521833,      -5.160671392,       -5.78924628,      -5.088549981,      -9.981136645
          0,           0,         108,      -6.737300964,      -5.169147312,      -5.801506723,      -5.100200004,      -9.971947355
          0,           0,         109,      -6.745304768,      -5.177699614,      -5.815077521,      -5.106533102,      -9.962844254
          0,           0,         110,      -6.744390162,      -5.186280602,      -5.830201283,      -5.108671012,      -9.953815012
          0,           0,         111,      -6.738958206,      -5.194821979,      -5.846755667,      -5.108717894,      -9.944860874
          0,           0,         112,      -6.733881898,      -5.203249258,      -5.864237662,      -5.109017182,      -9.935975162
          0,           0,         113,      -6.733151507,      -5.211498673,      -5.881920522,      -5.111575855,      -9.927148864
          0,           0,         114,      -6.739392446,      -5.219529804,      -5.899064514,      -5.117732834,      -9.918373283
          0,           0,         115,      -6.753920238,       -5.22733073,      -5.915107952,      -5.128045676,      -9.909645312
          0,           0,         116,      -6.776882295,       -5.23491521,      -5.929795563,      -5.142292192,      -9.900960675
          0,           0,         117,      -6.807197774,      -5.242313138,      -5.943208707,      -5.159508057,        -9.8923201
          0,           0,         118,      -6.842187505,      -5.249557274,      -5.955691299,      -5.178057193,      -9.883725539
          0,           0,         119,      -6.877032313,      -5.256670568,      -5.967710081,      -5.195800309,      -9.875173013
          0,           0,         120,      -6.904905609,      -5.263658896,      -5.979731091,      -5.210493907,      -9.866655341
          0,           0,         121,      -6.919524261,      -5.270512411,      -5.992207569,      -5.220555371,      -9.858181023
          0,           0,         122,      -6.919379331,      -5.277210316,      -6.005594035,       -5.22579042,      -9.849756758
          0,           0,         123,      -6.908427121,      -5.283719945,      -6.020152902,      -5.227240711,      -9.841383986
          0,           0,         124,      -6.892943686,      -5.289998741,      -6.035756985,      -5.226566602,      -9.833066955
          0,           0,         125,      -6.878676624,      -5.296006542,      -6.051956382,      -5.225608175,      -9.824808959
          0,           0,         126,      -6.869600381,       -5.30171991,      -6.068172085,      -5.226003563,      -9.816604651
          0,           0,         127,      -6.867862117,      -5.307139333,      -6.083874002,      -5.228874607,      -9.808450161
          0,           0,         128,       -6.87418364,       -5.31228748,      -6.098712375,      -5.234676948,      -9.800338773
          0,           0,         129,      -6.888217565,      -5.317200823,      -6.112590953,      -5.243201794,      -9.792262519
          0,           0,         130,      -6.908705932,      -5.321918619,      -6.125665966,      -5.253675795,      -9.784210854
          0,           0,         131,       -6.93348255,      -5.326472815,      -6.138272047,      -5.264931176,      -9.776174911
          0,           0,         132,      -6.959479032,      -5.330881371,      -6.150799092,      -5.275643954,      -9.768148686
          0,           0,         133,      -6.983034419,      -5.335146088,      -6.163564756,      -5.284634097,      -9.760136438
          0,           0,         134,      -7.000821668,      -5.339254393,      -6.176732654,      -5.291178637,      -9.752135645
          0,           0,         135,      -7.011193798,       -5.34318343,      -6.190288758,      -5.295217467,      -9.744154824
          0,           0,         136,      -7.014942832,      -5.346905384,      -6.204026896,      -5.297317434,       -9.73620207
          0,           0,         137,      -7.014746585,      -5.350394106,      -6.217518824,      -5.298415749,       -9.72829237
          0,           0,         138,      -7.013880672,      -5.353632305,       -6.23013822,      -5.299516664,      -9.720442212
          0,           0,         139,      -7.015148552,      -5.356616503,      -6.241189532,      -5.301455738,      -9.712673173
          0,           0,         140,      -7.020359917,      -5.359358004,      -6.250095146,      -5.304748078,      -9.705012877
          0,           0,         141,      -7.030199256,       -5.36188023,      -6.256553537,      -5.309519038,       -9.69748335
          0,           0,         142,      -7.044239334,      -5.364213886,      -6.260602695,      -5.315512675,      -9.690105134
          0,           0,         143,      -7.060969247,      -5.366391546,      -6.262569831,      -5.322166108,      -9.682897688
          0,           0,         144,      -7.077883273,      -5.368443084,      -6.262941855,      -5.328737839,      -9.675869772
          0,           0,         145,      -7.091854401,      -5.370392807,      -6.262225465,      -5.334477324,      -9.669024658
          0,           0,         146,      -7.100028828,      -5.372258035,      -6.260855968,      -5.338807836,      -9.662345578
          0,           0,         147,      -7.101011165,      -5.374048325,      -6.259156385,      -5.341464507,      -9.655811013
          0,           0,         148,       -7.09548179,      -5.375765564,      -6.257304217,      -5.342529485,      -9.649374945
          0,           0,         149,      -7.085720795,      -5.377406267,      -6.255301472,      -5.342370369,      -9.642985297
          0,           0,         150,       -7.07454952,      -5.378966017,       -6.25299196,      -5.341532392,      -9.636591228
          0,           0,         151,      -7.064453402,      -5.380443835,      -6.250138934,        -5.3406114,      -9.630116051
          0,           0,         152,      -7.057161473,      -5.381844428,      -6.246527201,      -5.340125408,      -9.623498776
          0,           0,         153,       -7.05357578,      -5.383177959,      -6.242045815,      -5.340416135,      -9.616645138
          0,           0,         154,      -7.053865123,      -5.384458176,       -6.23672544,      -5.341604291,      -9.609486737
          0,           0,         155,      -7.057601491,      -5.385699835,      -6.230725926,      -5.343599976,      -9.601949211
          0,           0,         156,        -7.0638977,      -5.386916171,      -6.224287618,      -5.346154522,      -9.593931293
          0,           0,         157,      -7.071557822,      -5.388116985,      -6.217670153,      -5.348936241,      -9.585388881
          0,           0,         158,      -7.079269962,      -5.389307585,      -6.211101427,      -5.351612552,       -9.57623754
          0,           0,         159,      -7.085851926,      -5.390488615,      -6.204749598,      -5.353921505,      -9.566450201
          0,           0,         160,      -7.090507873,      -5.391656683,      -6.198717878,      -5.355718642,      -9.555962183
          0,           0,         161,      -7.093003232,      -5.392805847,      -6.193051706,      -5.356992231,      -9.544779972
          0,           0,         162,      -7.093674358,      -5.393929659,      -6.187748767,      -5.357848863,      -9.532871147
          0,           0,         163,      -7.093271724,      -5.395023381,      -6.182770917,      -5.358477502,      -9.520257494
          0,           0,         164,      -7.092716822,      -5.396085692,      -6.178061704,      -5.359101424,      -9.506919655
          0,           0,         165,       -7.09286903,      -5.397119488,      -6.173568869,      -5.359927868,      -9.492907397
          0,           0,         166,      -7.094360163,      -5.398131831,      -6.169264838,      -5.361105634,      -9.478211362
          0,           0,         167,      -7.097508688,      -5.399133092,      -6.165158076,      -5.362698745,      -9.462902844
          0,           0,         168,      -7.102303123,      -5.400135618,        -6.1612927,      -5.364680705,       -9.44706129
          0,           0,         169,      -7.108438597,      -5.401152236,      -6.157738912,      -5.366948287,      -9.430739949
          0,           0,         170,      -7.115398769,      -5.402194834,      -6.154578941,        -5.3693506,      -9.413986901
          0,           0,         171,      -7.122575371,      -5.403273192,      -6.151893508,      -5.371725867,      -9.396860423
          0,           0,         172,      -7.129412249,      -5.404394466,      -6.149751562,      -5.373938054,      -9.379465282
          0,           0,         173,      -7.135543372,      -5.405563083,      -6.148204187,      -5.375904918,      -9.361848726
          0,           0,         174,      -7.140883909,      -5.406781175,      -6.147282097,      -5.377612123,      -9.344050831
          0,           0,         175,      -7.145643253,      -5.408049508,      -6.146995915,      -5.379111562,      -9.326140293
          0,           0,         176,      -7.150256412,      -5.409368007,      -6.147338936,      -5.380504151,      -9.308188474
          0,           0,         177,       -7.15526523,      -5.410736609,       -6.14829209,      -5.381913969,      -9.290244648
          0,           0,         178,      -7.161189003,      -5.412155651,      -6.149830286,      -5.383458731,      -9.272320356
          0,           0,         179,      -7.168414605,      -5.413625385,       -6.15192841,      -5.385222787,      -9.254474851
          0,           0,         180,      -7.177123201,      -5.415145968,      -6.154565541,      -5.387241092,      -9.236753056
          0,           0,         181,      -7.187252393,      -5.416716939,      -6.157725879,      -5.389493755,      -9.219154192
          0,           0,         182,      -7.198491792,      -5.418336517,      -6.161396166,      -5.391912043,      -9.201708699
          0,           0,         183,      -7.210314353,      -5.420001391,      -6.165560905,      -5.394395013,       -9.18445683
          0,           0,         184,      -7.222042664,      -5.421706647,      -6.170196536,      -5.396829724,      -9.167408244
          0,           0,         185,       -7.23295018,      -5.423445912,      -6.175266355,       -5.39911075,      -9.150567788
          0,           0,         186,      -7.242382147,      -5.425211525,      -6.180717357,      -5.401153995,      -9.133964501
          0,           0,         187,      -7.249870099,      -5.426995189,      -6.186478354,      -5.402905182,      -9.117580559
          0,           0,         188,      -7.255201133,      -5.428788444,      -6.192459507,       -5.40434057,      -9.101443069
          0,           0,         189,      -7.258422842,      -5.430583252,      -6.198552593,      -5.405464628,      -9.085542367
          0,           0,         190,      -7.259783876,      -5.432372397,      -6.204632787,      -5.406304615,      -9.069875553
          0,           0,         191,      -7.259635359,      -5.434149931,      -6.210561497,      -5.406903572,      -9.054479118
          0,           0,         192,      -7.258324928,      -5.435911456,      -6.216189603,      -5.407308732,      -9.039358513
          0,           0,         193,      -7.256112754,      -5.437653372,      -6.221369908,      -5.407564324,      -9.024533359
          0,           0,         194,      -7.253129552,      -5.439373045,      -6.225959858,      -5.407700687,      -9.009997085
          0,           0,         195,      -7.249386392,      -5.441068893,      -6.229823294,      -5.407732678,      -8.995731953
          0,           0,         196,      -7.244816824,      -5.442739897,      -6.232839463,      -5.407663292,      -8.981770213
          0,           0,         197,      -7.239334756,      -5.444385442,      -6.234906944,      -5.407489017,      -8.968104868
          0,           0,         198,      -7.232895835,      -5.446005214,       -6.23594775,      -5.407207201,      -8.954723452
          0,           0,         199,      -7.225542666,      -5.447598786,      -6.235913473,      -5.406821952,      -8.941641171
          0,           0,         200,       -7.21742189,      -5.449165828,      -6.234787697,      -5.406350829,      -8.928876414
          0,           0,         201,      -7.208769839,      -5.450706318,        -6.2325878,      -5.405826289,      -8.916432234
          0,           0,         202,      -7.199878954,      -5.452220649,      -6.229364379,      -5.405293996,      -8.904298099
          0,           0,         203,      -7.191053504,      -5.453709998,      -6.225197671,      -5.404807922,      -8.892486335
          0,           0,         204,      -7.182571143,      -5.455176518,      -6.220193006,      -5.404423136,      -8.881005054
          0,           0,         205,      -7.174656258,      -5.456623475,      -6.214476021,      -5.404188806,      -8.869857643
          0,           0,         206,      -7.167467236,      -5.458055328,      -6.208187298,       -5.40414279,      -8.859052595
          0,           0,         207,      -7.161095851,      -5.459477622,      -6.201476399,        -5.4043083,      -8.848595285
          0,           0,         208,      -7.155576876,      -5.460896904,      -6.194496185,      -5.404694065,      -8.838495244
          0,           0,         209,      -7.150903302,      -5.462320568,      -6.187397135,       -5.40529685,      -8.828742326
          0,           0,         210,      -7.147043905,      -5.463756714,      -6.180321919,      -5.406105619,      -8.819359979
          0,           0,         211,      -7.143960096,      -5.465213904,      -6.173403258,      -5.407105891,      -8.810356958
          0,           0,         212,      -7.141618286,      -5.466701125,      -6.166759228,      -5.408284324,      -8.801742005
          0,           0,         213,      -7.139999526,      -5.468227665,      -6.160492219,      -5.409632037,      -8.793524436
          0,           0,         214,      -7.139102907,      -5.469803034,      -6.154688918,      -5.411146511,      -8.785705195
          0,           0,         215,      -7.138943458,      -5.471436888,      -6.149420789,      -5.412831505,      -8.778302826
          0,           0,         216,      -7.139546329,      -5.473139009,      -6.144744909,       -5.41469583,      -8.771329494
          0,           0,         217,      -7.140939028,      -5.474919304,      -6.140707267,      -5.416751217,      -8.764800143
          0,           0,         218,      -7.143141724,      -5.476787754,      -6.137343069,      -5.419009398,      -8.758725992
          0,           0,         219,       -7.14616061,      -5.478754175,       -6.13467871,      -5.421479767,      -8.753121742
          0,           0,         220,      -7.149982867,      -5.480827908,      -6.132733163,      -5.424167579,      -8.747995224
          0,           0,         221,        -7.1545747,      -5.483017819,      -6.131518973,       -5.42707293,      -8.743360652
          0,           0,         222,      -7.159882799,      -5.485332074,      -6.131043098,      -5.430190833,      -8.739228563
          0,           0,         223,      -7.165838552,      -5.487778044,      -6.131307118,      -5.433512217,      -8.735611932
          0,           0,         224,      -7.172364582,      -5.490362139,      -6.132308652,      -5.437025457,      -8.732522515
          0,           0,         225,       -7.17938152,      -5.493089729,      -6.134040953,      -5.440718028,      -8.729962637
          0,           0,         226,      -7.186815254,      -5.495965267,      -6.136492459,      -5.444578446,      -8.727937671
          0,           0,         227,      -7.194603562,      -5.498992112,      -6.139648219,      -5.448597382,      -8.726456642
          0,           0,         228,      -7.202698673,      -5.502172589,      -6.143490196,      -5.452768364,      -8.725523254
          0,           0,         229,      -7.211066855,      -5.505508079,      -6.147997531,      -5.457087614,      -8.725128975
          0,           0,         230,       -7.21968541,      -5.508999098,      -6.153146978,      -5.461553326,      -8.725282868
          0,           0,         231,      -7.228537632,      -5.512645341,      -6.158913252,      -5.466164702,      -8.725983692
          0,           0,         232,      -7.237606513,      -5.516445716,      -6.165270271,      -5.470920687,      -8.727234375
          0,           0,         233,      -7.246867778,      -5.520398365,      -6.172190811,      -5.475818751,      -8.729029405
          0,           0,         234,      -7.256285552,       -5.52450059,      -6.179647251,      -5.480854265,      -8.731356498
          0,           0,         235,      -7.265810008,      -5.528748845,      -6.187612047,      -5.486020295,      -8.734203948
          0,           0,         236,      -7.275377121,      -5.533138716,      -6.196058058,      -5.491307536,      -8.737562177
          0,           0,         237,      -7.284912864,      -5.537664871,      -6.204958878,      -5.496705206,      -8.741425437
          0,           0,         238,      -7.294339581,      -5.542321119,      -6.214289159,      -5.502202098,      -8.745778193
          0,           0,         239,      -7.303583239,      -5.547100422,        -6.2240249,      -5.507787406,       -8.75060202
          0,           0,         240,      -7.312581396,      -5.551995032,      -6.234143688,      -5.513451701,      -8.755881814
          0,           0,         241,      -7.321290379,      -5.556996567,      -6.244625241,      -5.519187835,      -8.761606822
          0,           0,         242,      -7.329688766,      -5.562096178,      -6.255451444,      -5.524991165,      -8.767752437
          0,           0,         243,      -7.337777976,      -5.567284691,      -6.266606653,      -5.530859525,      -8.774304841
          0,           0,         244,      -7.345579471,      -5.572552739,      -6.278077777,      -5.536792829,       -8.78124203
          0,           0,         245,      -7.353129324,      -5.577890876,      -6.289854292,      -5.542792451,       -8.78854419
          0,           0,         246,       -7.36047114,      -5.583289663,      -6.301928122,      -5.548860177,      -8.796188194
          0,           0,         247,      -7.367649648,      -5.588739761,      -6.314293312,      -5.554997419,      -8.804145804
          0,           0,         248,      -7.374704979,      -5.594231959,      -6.326945692,      -5.561204271,      -8.812386448
          0,           0,         249,      -7.381669513,      -5.599757243,       -6.33988236,      -5.567478942,      -8.820896054
          0,           0,         250,      -7.388566516,      -5.605306866,      -6.353101072,      -5.573817477,      -8.829638419
          0,           0,         251,      -7.395410759,      -5.610872437,      -6.366599535,       -5.58021395,      -8.838586359
          0,           0,         252,      -7.402209862,      -5.616446057,       -6.38037451,      -5.586660812,      -8.847717485
          0,           0,         253,      -7.408965847,      -5.622020461,      -6.394420839,      -5.593149393,      -8.857011012
          0,           0,         254,      -7.415675866,      -5.627589109,      -6.408730397,      -5.599670081,      -8.866436753
          0,           0,         255,      -7.422332784,      -5.633146322,      -6.423291274,      -5.606212827,      -8.875955268
          0,           0,         256,      -7.428924399,      -5.638687352,       -6.43808685,      -5.612767253,      -8.885542308
          0,           0,         257,      -7.435431979,      -5.644208508,      -6.453095123,      -5.619322658,      -8.895168662
          0,           0,         258,      -7.441828265,      -5.649707173,      -6.468288146,      -5.625867623,      -8.904798345
          0,           0,         259,      -7.448076579,      -5.655181781,      -6.483631687,      -5.632389902,      -8.914392364
          0,           0,         260,       -7.45413097,      -5.660631783,      -6.499085051,      -5.638876381,      -8.923936799
          0,           0,         261,      -7.459938141,      -5.666057614,      -6.514601154,      -5.645313471,      -8.933400615
          0,           0,         262,      -7.465441137,      -5.671460603,      -6.530126883,       -5.65168771,      -8.942761371
          0,           0,         263,      -7.470584418,      -5.676842866,      -6.545602823,      -5.657986359,      -8.951995855
          0,           0,         264,      -7.475320456,      -5.682207177,      -6.560963899,        -5.6641987,      -8.961056251
          0,           0,         265,      -7.479615704,      -5.687556819,      -6.576139831,      -5.670317099,      -8.969938746
          0,           0,         266,      -7.483455157,      -5.692895516,      -6.591056028,      -5.676337851,      -8.978630172
          0,           0,         267,      -7.486845012,      -5.698227288,      -6.605634766,      -5.682261693,      -8.987120535
          0,           0,         268,      -7.489812563,      -5.703556295,      -6.619796777,      -5.688093976,      -8.995396706
          0,           0,         269,      -7.492403422,      -5.708886739,         -6.633463,      -5.693844413,       -9.00345246
          0,           0,         270,      -7.494676572,      -5.714222745,      -6.646557226,      -5.699526228,      -9.011283165
          0,           0,         271,      -7.496697909,      -5.719568327,      -6.659009451,      -5.705155066,      -9.018880513
          0,           0,         272,      -7.498533412,      -5.724927248,      -6.670758744,      -5.710747496,      -9.026241788
          0,           0,         273,       -7.50024324,      -5.730302922,      -6.681756128,      -5.716319769,      -9.033383441
          0,           0,         274,      -7.501877129,      -5.735698402,      -6.691967059,       -5.72188674,      -9.040288416
          0,           0,         275,      -7.503471844,      -5.741116344,      -6.701373446,         -5.727461,      -9.046990089
          0,           0,         276,      -7.505050374,       -5.74655887,      -6.709974315,      -5.733052353,      -9.053495878
          0,           0,         277,      -7.506623003,       -5.75202772,      -6.717785434,      -5.738667824,      -9.059793895
          0,           0,         278,      -7.508189537,      -5.757524182,      -6.724837985,       -5.74431169,      -9.065912264
          0,           0,         279,      -7.509741991,      -5.763049039,      -6.731176972,      -5.749985718,       -9.07187186
          0,           0,         280,      -7.511267501,      -5.768602628,      -6.736858837,      -5.755689627,      -9.077682609
          0,           0,         281,      -7.512751007,      -5.774184855,      -6.741948652,      -5.761421492,      -9.083359641
          0,           0,         282,      -7.514177468,       -5.77979531,      -6.746517586,      -5.767178236,       -9.08889976
          0,           0,         283,      -7.515533484,      -5.785433273,      -6.750640287,       -5.77295596,      -9.094306351
          0,           0,         284,      -7.516808266,      -5.791097744,      -6.754392485,      -5.778750214,      -9.099596827
          0,           0,         285,       -7.51799428,      -5.796787513,      -6.757849077,      -5.784556267,      -9.104827032
          0,           0,         286,      -7.519087499,      -5.802501174,       -6.76108239,      -5.790369335,       -9.11000249
          0,           0,         287,      -7.520087615,      -5.808237237,      -6.764160871,      -5.796184907,      -9.115118359
          0,           0,         288,      -7.520998276,      -5.813994077,       -6.76714784,      -5.801999014,      -9.120179323
          0,           0,         289,      -7.521827091,      -5.819769982,      -6.770100623,      -5.807808463,      -9.125171962
          0,           0,         290,      -7.522585658,      -5.825563165,      -6.773069844,      -5.813611125,      -9.130144744
          0,           0,         291,      -7.523289475,      -5.831371788,      -6.776099066,      -5.819406217,      -9.135085732
          0,           0,         292,      -7.523957413,      -5.837193939,      -6.779224452,      -5.825194337,      -9.139992137
          0,           0,         293,       -7.52461103,      -5.843027621,      -6.782474705,      -5.830977477,      -9.144876073
          0,           0,         294,      -7.525273403,      -5.848870744,      -6.785871279,      -5.836758774,      -9.149720247
          0,           0,         295,       -7.52596786,      -5.854721145,      -6.789428618,      -5.842542276,      -9.154547254
          0,           0,         296,       -7.52671639,      -5.860576594,      -6.793154434,      -5.848332413,      -9.159316541
          0,           0,         297,      -7.527538303,      -5.866434699,       -6.79705031,      -5.854133413,      -9.164068781
          0,           0,         298,      -7.528448941,      -5.872292932,      -6.801112276,      -5.859948675,      -9.168771531
          0,           0,         299,      -7.529458777,      -5.878148551,      -6.805331264,      -5.865780187,      -9.173431314
          0,           0,         300,      -7.530573048,      -5.883998604,        -6.8096938,      -5.871628222,      -9.178053297
          0,           0,         301,      -7.531791797,      -5.889839899,      -6.814182529,      -5.877491084,      -9.182659414
          0,           0,         302,      -7.533110388,      -5.895669009,       -6.81877676,      -5.883365052,      -9.187210534
          0,           0,         303,      -7.534520384,      -5.901482243,      -6.823453095,       -5.88924448,       -9.19170016
          0,           0,         304,       -7.53601058,      -5.907275664,      -6.828186019,      -5.895122083,      -9.196124675
          0,           0,         305,      -7.537568197,      -5.913045108,      -6.832948497,      -5.900989355,       -9.20047376
          0,           0,         306,      -7.539179986,      -5.918786212,      -6.837712629,      -5.906837001,      -9.204708956
          0,           0,         307,      -7.540833199,      -5.924494454,       -6.84245031,      -5.912655415,      -9.208767228
          0,           0,         308,       -7.54251633,      -5.930165202,      -6.847133914,      -5.918435047,      -9.212691293
          0,           0,         309,      -7.544219664,      -5.935793785,      -6.851736971,      -5.924166844,      -9.216393627
          0,           0,         310,      -7.545935507,      -5.941375554,      -6.856234801,      -5.929842457,      -9.219912011
          0,           0,         311,      -7.547658323,      -5.946905959,      -6.860605107,      -5.935454479,      -9.223178799
          0,           0,         312,      -7.549384698,      -5.952380625,       -6.86482844,       -5.94099658,       -9.22618892
          0,           0,         313,      -7.551113323,      -5.957795431,      -6.868888558,      -5.946463747,      -9.228949309
          0,           0,         314,      -7.552844734,      -5.963146588,      -6.872772646,      -5.951852208,      -9.231395716
          0,           0,         315,      -7.554581195,      -5.968430732,      -6.876471385,      -5.957159508,      -9.233525432
          0,           0,         316,      -7.556326606,       -5.97364496,      -6.879978819,      -5.962384948,      -9.235327605
          0,           0,         317,      -7.558086091,      -5.978786807,      -6.883292316,      -5.967529022,      -9.236730994
          0,           0,         318,      -7.559865824,      -5.983854298,      -6.886412274,      -5.972593443,      -9.237779572
          0,           0,         319,      -7.561672874,      -5.988845995,       -6.88934157,      -5.977581144,      -9.238519099
          0,           0,         320,      -7.563514719,      -5.993761052,      -6.892085366,      -5.982496042,      -9.238934739
          0,           0,         321,      -7.565398866,      -5.998599226,      -6.894650689,      -5.987342853,      -9.239019749
          0,           0,         322,      -7.567332396,      -6.003360898,      -6.897046066,      -5.992126833,      -9.238775279
          0,           0,         323,      -7.569321527,      -6.008047075,      -6.899281159,      -5.996853504,      -9.238195718
          0,           0,         324,      -7.571371204,      -6.012659386,      -6.901366455,      -6.001528357,      -9.237275823
          0,           0,         325,      -7.573484777,      -6.017200071,      -6.903313012,      -6.006156601,       -9.23605964
          0,           0,         326,      -7.575663766,      -6.021671963,      -6.905132237,      -6.010742951,      -9.234553239
          0,           0,         327,      -7.577907772,      -6.026078452,      -6.906835705,       -6.01529149,       -9.23278143
          0,           0,         328,      -7.580214498,      -6.030423457,      -6.908435003,      -6.019805603,      -9.230717893
          0,           0,         329,      -7.582579922,      -6.034711381,      -6.909941627,      -6.024287979,      -9.228434478
          0,           0,         330,      -7.584998564,      -6.038947094,      -6.911367006,      -6.028740666,      -9.225955242
          0,           0,         331,      -7.587463706,      -6.043135809,      -6.912722118,      -6.033165239,      -9.223306306
          0,           0,         332,      -7.589968037,      -6.047283094,      -6.914017708,      -6.037562929,      -9.220513301
          0,           0,         333,      -7.592503748,      -6.051394805,      -6.915264287,      -6.041934694,      -9.217601081
          0,           0,         334,      -7.595062939,      -6.055477035,      -6.916472072,      -6.046281435,       -9.21459122
          0,           0,         335,      -7.597637951,      -6.059536069,      -6.917651018,      -6.050604128,      -9.211490624
          0,           0,         336,      -7.600221639,       -6.06357832,      -6.918810849,      -6.054903936,      -9.208328163
          0,           0,         337,      -7.602807596,      -6.067610299,      -6.919961104,      -6.059182318,      -9.205120211
          0,           0,         338,      -7.605390324,      -6.071638561,      -6.921111183,      -6.063441089,      -9.201907903
          0,           0,         339,      -7.607965367,      -6.075669664,      -6.922270418,      -6.067682475,      -9.198707803
          0,           0,         340,      -7.610529399,      -6.079710124,      -6.923448073,      -6.071909161,       -9.19550304
          0,           0,         341,      -7.613080299,      -6.083766385,      -6.924653396,      -6.076124328,      -9.192331552
          0,           0,         342,       -7.61561723,      -6.087844795,      -6.925895655,      -6.080331715,      -9.189237106
          0,           0,         343,      -7.618140661,      -6.091951551,      -6.927184118,      -6.084535609,      -9.186240539
          0,           0,         344,      -7.620652327,      -6.096092699,      -6.928528039,      -6.088740854,      -9.183355934
          0,           0,         345,      -7.623155202,      -6.100274095,      -6.929936657,      -6.092952871,      -9.180597077
          0,           0,         346,      -7.625653383,      -6.104501399,      -6.931419164,      -6.097177591,      -9.177976533
          0,           0,         347,      -7.628151952,      -6.108780062,      -6.932984677,      -6.101421395,      -9.175505028
          0,           0,         348,      -7.630656795,      -6.113115304,      -6.934642183,      -6.105691044,      -9.173191647
          0,           0,         349,      -7.633174412,      -6.117512116,      -6.936400487,      -6.109993562,      -9.171045565
          0,           0,         350,      -7.635711676,      -6.121975239,      -6.938268232,      -6.114336035,      -9.169067758
          0,           0,         351,      -7.638275576,      -6.126509156,      -6.940253863,      -6.118725507,      -9.167265856
          0,           0,         352,       -7.64087299,      -6.131118083,      -6.942365475,      -6.123168858,      -9.165646665
          0,           0,         353,       -7.64351047,      -6.135805966,      -6.944610814,      -6.127672613,      -9.164213525
          0,           0,         354,       -7.64619406,      -6.140576458,      -6.946997345,      -6.132242831,      -9.162969381
          0,           0,         355,      -7.648929185,      -6.145432913,      -6.949532056,      -6.136885025,      -9.161912298
          0,           0,         356,      -7.651720556,      -6.150378394,      -6.952221387,      -6.141604076,      -9.161043365
          0,           0,         357,      -7.654572079,      -6.155415594,      -6.955071034,      -6.146404197,      -9.160364224
          0,           0,         358,      -7.657486961,      -6.160546885,      -6.958086185,        -6.1512889,      -9.159874014
          0,           0,         359,      -7.660467645,      -6.165774279,      -6.961271329,      -6.156261004,      -9.159570052
          0,           0,         360,      -7.663515866,      -6.171099419,       -6.96463019,      -6.161322662,      -9.159450016
          0,           0,         361,      -7.666632743,      -6.176523563,       -6.96816569,      -6.166475409,      -9.159511067
          0,           0,         362,      -7.669818858,      -6.182047571,      -6.971879929,      -6.171720199,      -9.159732328
          0,           0,         363,       -7.67307433,      -6.187671893,      -6.975774172,      -6.177057444,      -9.160127705
          0,           0,         364,      -7.676398888,      -6.193396548,      -6.979848846,       -6.18248705,      -9.160689084
          0,           0,         365,      -7.679791973,      -6.199221123,      -6.984103529,       -6.18800849,      -9.161408871
          0,           0,         366,      -7.683252812,      -6.205144747,      -6.988536963,      -6.193620851,      -9.162304497
          0,           0,         367,      -7.686780483,      -6.211166098,      -6.993147055,      -6.199322877,      -9.163339862
          0,           0,         368,      -7.690373993,      -6.217283396,      -6.997930898,      -6.205113035,      -9.164537874
          0,           0,         369,      -7.694032292,      -6.223494391,      -7.002884763,      -6.210989527,      -9.165889678
          0,           0,         370,      -7.697754339,       -6.22979636,      -7.008004114,      -6.216950346,       -9.16739015
          0,           0,         371,      -7.701539093,      -6.236186111,      -7.013283613,      -6.222993284,      -9.169034224
          0,           0,         372,      -7.705385489,      -6.242659984,      -7.018717127,      -6.229115916,      -9.170816395
          0,           0,         373,      -7.709292412,       -6.24921386,      -7.024297727,      -6.235315593,      -9.172732068
          0,           0,         374,      -7.713258653,      -6.255843172,      -7.030017687,       -6.24158941,      -9.174775164
          0,           0,         375,      -7.717282828,      -6.262542914,      -7.035868495,       -6.24793414,      -9.176942533
          0,           0,         376,      -7.721363262,      -6.269307667,      -7.041840847,      -6.254346153,      -9.179223319
          0,           0,         377,      -7.725497915,      -6.276131604,      -7.047924662,       -6.26082134,      -9.181618685
          0,           0,         378,      -7.729684304,      -6.283008529,      -7.054109083,      -6.267355059,      -9.184123277
          0,           0,         379,      -7.733919437,      -6.289931904,      -7.060382504,      -6.273942053,      -9.186731446
          0,           0,         380,      -7.738199765,      -6.296894879,      -7.066732597,      -6.280576416,      -9.189437462
          0,           0,         381,      -7.742521149,      -6.303890322,      -7.073146303,      -6.287251547,       -9.19223688
          0,           0,         382,      -7.746878893,      -6.310910869,      -7.079609894,      -6.293960164,       -9.19512465
          0,           0,         383,      -7.751267799,      -6.317948953,      -7.086109008,      -6.300694358,      -9.198096565
          0,           0,         384,      -7.755682222,      -6.324996859,      -7.092628701,      -6.307445626,      -9.201147825
          0,           0,         385,      -7.760116177,      -6.332046767,      -7.099153509,      -6.314204989,      -9.204275303
          0,           0,         386,      -7.764563444,      -6.339090807,       -7.10566753,      -6.320963077,       -9.20747236
          0,           0,         387,      -7.769017714,      -6.346121104,      -7.112154515,      -6.327710279,      -9.210726149
          0,           0,         388,      -7.773472747,      -6.353129829,      -7.118597977,      -6.334436919,       -9.21404633
          0,           0,         389,      -7.777922488,      -6.360109269,      -7.124981309,      -6.341133386,      -9.217423475
          0,           0,         390,      -7.782361211,      -6.367051867,      -7.131287937,      -6.347790302,      -9.220854215
          0,           0,         391,      -7.786783621,      -6.373950284,       -7.13750146,      -6.354398679,      -9.224335673
          0,           0,         392,      -7.791184974,      -6.380797454,      -7.143605822,      -6.360950063,      -9.227866178
          0,           0,         393,      -7.795561168,      -6.387586638,      -7.149585487,      -6.367436685,      -9.231441648
          0,           0,         394,      -7.799908796,      -6.394311473,      -7.155425625,      -6.373851567,      -9.235058407
          0,           0,         395,      -7.804225183,      -6.400966028,      -7.161112304,      -6.380188609,      -9.238714398
          0,           0,         396,       -7.80850839,      -6.407544846,      -7.166632678,      -6.386442643,      -9.242407446
          0,           0,         397,       -7.81275722,      -6.414042997,       -7.17197518,      -6.392609485,      -9.246131477
          0,           0,         398,      -7.816971188,      -6.420456106,      -7.177129706,      -6.398685975,       -9.24988217
          0,           0,         399,      -7.821150442,      -6.426780395,      -7.182087785,      -6.404669926,       -9.25366105
          0,           0,         400,      -7.825295685,      -6.433012716,      -7.186842733,      -6.410560078,      -9.257462218
          0,           0,         401,      -7.829408147,      -6.439150568,      -7.191389787,      -6.416356108,      -9.261280645
          0,           0,         402,      -7.833489399,      -6.445192112,      -7.195726216,      -6.422058466,      -9.265115529
          0,           0,         403,      -7.837541284,      -6.451136185,       -7.19985139,      -6.427668307,      -9.268964113
          0,           0,         404,      -7.841565815,      -6.456982303,      -7.203766834,      -6.433187399,      -9.272822581
          0,           0,         405,      -7.845565107,      -6.462730644,      -7.207476236,      -6.438618067,      -9.276688494
          0,           0,         406,      -7.849541302,      -6.468382035,      -7.210985422,      -6.443963103,      -9.280554848
          0,           0,         407,      -7.853496478,       -6.47393792,      -7.214302285,      -6.449225677,      -9.284414692
          0,           0,         408,      -7.857432645,      -6.479400319,      -7.217436685,      -6.454409301,       -9.28826854
          0,           0,         409,      -7.861351696,      -6.484771793,      -7.220400318,      -6.459517773,       -9.29211089
          0,           0,         410,      -7.865255382,       -6.49005539,      -7.223206569,      -6.464555114,      -9.295936361
          0,           0,         411,      -7.869145343,      -6.495254582,      -7.225870331,      -6.469525588,      -9.299744974
          0,           0,         412,      -7.873023127,      -6.500373199,      -7.228407812,      -6.474433701,      -9.303531589
          0,           0,         413,      -7.876890211,      -6.505415356,      -7.230836352,      -6.479284162,      -9.307291808
          0,           0,         414,      -7.880748033,      -6.510385369,      -7.233174217,      -6.484081886,      -9.311021626
          0,           0,         415,      -7.884598039,      -6.515287682,      -7.235440409,      -6.488831988,      -9.314716874
          0,           0,         416,      -7.888441697,      -6.520126777,       -7.23765447,      -6.493539736,      -9.318373782
          0,           0,         417,      -7.892280546,      -6.524907096,       -7.23983631,      -6.498210536,      -9.321988518
          0,           0,         418,      -7.896116223,      -6.529632955,      -7.242006029,      -6.502849907,      -9.325557179
          0,           0,         419,      -7.899950472,      -6.534308471,      -7.244183758,      -6.507463409,      -9.329075797
          0,           0,         420,      -7.903785145,      -6.538937482,      -7.246389511,      -6.512056572,       -9.33254052
          0,           0,         421,      -7.907622199,      -6.543523477,      -7.248643045,      -6.516634819,      -9.335947712
          0,           0,         422,      -7.911463684,      -6.548069535,      -7.250963725,      -6.521203383,      -9.339293774
          0,           0,         423,      -7.915311697,      -6.552578271,      -7.253370397,      -6.525767172,      -9.342574536
          0,           0,         424,      -7.919168334,      -6.557051782,      -7.255881255,      -6.530330665,      -9.345787476
          0,           0,         425,       -7.92303565,      -6.561491614,      -7.258513704,      -6.534897798,      -9.348929625
          0,           0,         426,      -7.926915575,      -6.565898734,      -7.261284237,      -6.539471805,      -9.351997862
          0,           0,         427,      -7.930809852,      -6.570273517,      -7.264208278,      -6.544055106,      -9.354990693
          0,           0,         428,      -7.934719947,      -6.574615734,      -7.267300028,      -6.548649164,      -9.357906319
          0,           0,         429,      -7.938646961,      -6.578924562,      -7.270572301,       -6.55325437,      -9.360742718
          0,           0,         430,      -7.942591578,      -6.583198673,      -7.274036482,      -6.557869923,      -9.363499782
          0,           0,         431,      -7.946554001,      -6.587436154,      -7.277702074,      -6.562493882,      -9.366176906
          0,           0,         432,      -7.950533796,      -6.591634454,       -7.28157632,      -6.567122922,      -9.368773139
          0,           0,         433,      -7.954529937,       -6.59579066,      -7.285664566,      -6.571752219,      -9.371288737
          0,           0,         434,      -7.958540729,      -6.599901474,      -7.289969725,      -6.576375661,      -9.373724425
          0,           0,         435,      -7.962563825,      -6.603963276,      -7.294492023,      -6.580985899,      -9.376082076
          0,           0,         436,      -7.966596248,      -6.607972211,      -7.299228767,      -6.585574445,      -9.378363707
          0,           0,         437,      -7.970634426,      -6.611924269,      -7.304174112,      -6.590131786,      -9.380570081
          0,           0,         438,      -7.974674252,      -6.615815378,      -7.309318839,      -6.594647569,      -9.382704168
          0,           0,         439,      -7.978711151,      -6.619641501,      -7.314650158,      -6.599110816,       -9.38476944
          0,           0,         440,      -7.982740185,      -6.623398729,       -7.32015155,       -6.60351018,      -9.386769106
          0,           0,         441,      -7.986756142,      -6.627083381,      -7.325802654,      -6.607834192,      -9.388706985
          0,           0,         442,      -7.990753654,      -6.630692092,      -7.331579228,      -6.612071562,      -9.390587207
          0,           0,         443,      -7.994727332,      -6.634221908,      -7.337453198,      -6.616211472,      -9.392413285
          0,           0,         444,       -7.99867193,      -6.637670362,      -7.343392824,      -6.620243919,      -9.394190797
          0,           0,         445,      -8.002582452,      -6.641035548,      -7.349362984,      -6.624159973,      -9.395924461
          0,           0,         446,      -8.006454288,      -6.644316185,      -7.355325618,      -6.627952033,      -9.397618835
          0,           0,         447,      -8.010283337,       -6.64751166,      -7.361240328,      -6.631614079,      -9.399278789
          0,           0,         448,      -8.014066095,      -6.650622068,      -7.367065145,      -6.635141832,      -9.400909267
          0,           0,         449,      -8.017799791,      -6.653648236,       -7.37275746,       -6.63853295,      -9.402514272
          0,           0,         450,        -8.0214824,      -6.656591729,      -7.378275094,      -6.641787048,      -9.404099204
          0,           0,         451,      -8.025112686,      -6.659454842,      -7.383577497,      -6.644905721,       -9.40567015
          0,           0,         452,      -8.028690223,      -6.662240583,      -7.388626994,      -6.647892521,      -9.407230378
          0,           0,         453,      -8.032215391,      -6.664952651,      -7.393390057,      -6.650752883,      -9.408767293
          0,           0,         454,      -8.035689357,      -6.667595364,      -7.397838488,      -6.653493999,      -9.410292177
          0,           0,         455,      -8.039114041,      -6.670173616,      -7.401950469,      -6.656124664,      -9.411823947
          0,           0,         456,      -8.042492035,       -6.67269284,      -7.405711418,      -6.658655034,      -9.413360607
          0,           0,         457,      -8.045826553,       -6.67515891,      -7.409114558,      -6.661096461,      -9.414905197
          0,           0,         458,       -8.04912132,       -6.67757807,      -7.412161166,      -6.663461219,      -9.416460835
          0,           0,         459,      -8.052380485,      -6.679956851,      -7.414860499,      -6.665762239,      -9.418030254
          0,           0,         460,      -8.055608501,      -6.682301987,       -7.41722939,       -6.66801284,      -9.419616181
          0,           0,         461,       -8.05881004,      -6.684620339,      -7.419291538,      -6.670226499,      -9.421221001
          0,           0,         462,      -8.061989854,       -6.68691881,      -7.421076527,      -6.672416611,       -9.42284652
          0,           0,         463,      -8.065152702,      -6.689204265,      -7.422618745,      -6.674596258,      -9.424494742
          0,           0,         464,      -8.068303214,      -6.691483472,      -7.423956135,      -6.676777999,       -9.42616697
          0,           0,         465,      -8.071445817,      -6.693763019,      -7.425128879,      -6.678973737,      -9.427864162
          0,           0,         466,      -8.074584608,      -6.696049255,      -7.426178175,      -6.681194527,      -9.429586819
          0,           0,         467,      -8.077723342,      -6.698348247,      -7.427145061,      -6.683450548,       -9.43133507
          0,           0,         468,      -8.080865266,      -6.700665718,      -7.428069347,      -6.685750883,      -9.433108702
          0,           0,         469,       -8.08401307,      -6.703007019,      -7.428988712,      -6.688103476,      -9.434907136
          0,           0,         470,      -8.087168821,      -6.705377083,      -7.429937985,      -6.690515067,      -9.436729543
          0,           0,         471,      -8.090333949,       -6.70778041,      -7.430948562,      -6.692991191,      -9.438574778
          0,           0,         472,      -8.093509219,      -6.710221039,      -7.432047997,      -6.695536168,      -9.440441523
          0,           0,         473,      -8.096694731,      -6.712702538,      -7.433259723,      -6.698153138,      -9.442328602
          0,           0,         474,      -8.099889927,      -6.715227995,      -7.434602938,      -6.700844089,      -9.444234066
          0,           0,         475,       -8.10309359,      -6.717800014,      -7.436092562,      -6.703609885,      -9.446156517
          0,           0,         476,      -8.106303898,      -6.720420723,      -7.437739331,      -6.706450345,      -9.448094299
          0,           0,         477,      -8.109518473,      -6.723091775,      -7.439549952,      -6.709364322,      -9.450045674
          0,           0,         478,      -8.112734423,      -6.725814363,       -7.44152735,      -6.712349766,      -9.452008824
          0,           0,         479,       -8.11594844,      -6.728589235,      -7.443670976,      -6.715403844,      -9.453981878
          0,           0,         480,      -8.119156878,      -6.731416707,      -7.445977147,      -6.718523034,      -9.455962968
          0,           0,         481,      -8.122355865,      -6.734296692,      -7.448439452,      -6.721703253,      -9.457950152
          0,           0,         482,      -8.125541362,      -6.737228713,      -7.451049166,      -6.724939926,       -9.45994148
          0,           0,         483,      -8.128709269,      -6.740211937,      -7.453795716,      -6.728228108,      -9.461935041
          0,           0,         484,      -8.131855527,      -6.743245196,       -7.45666714,      -6.731562596,      -9.463928971
          0,           0,         485,       -8.13497622,      -6.746327016,      -7.459650588,      -6.734938038,      -9.465921521
          0,           0,         486,      -8.138067676,      -6.749455646,      -7.462732761,      -6.738349051,      -9.467910828
          0,           0,         487,      -8.141126554,      -6.752629088,      -7.465900406,       -6.74179032,      -9.469895394
          0,           0,         488,      -8.144149917,      -6.755845125,      -7.469140729,      -6.745256679,       -9.47187371
          0,           0,         489,      -8.147135284,       -6.75910135,      -7.472441787,      -6.748743185,      -9.473844264
          0,           0,         490,      -8.150080701,      -6.762395193,      -7.475792853,      -6.752245191,      -9.475805704
          0,           0,         491,      -8.152984759,      -6.765723954,      -7.479184711,      -6.755758386,         -9.477757
          0,           0,         492,      -8.155846644,      -6.769084823,      -7.482609862,      -6.759278855,      -9.479697285
          0,           0,         493,      -8.158666138,      -6.772474916,      -7.486062676,      -6.762803108,      -9.481625868
          0,           0,         494,      -8.161443596,      -6.775891297,      -7.489539471,      -6.766328059,      -9.483542095
          0,           0,         495,      -8.164179973,      -6.779331002,      -7.493038484,      -6.769851115,      -9.485445512
          0,           0,         496,      -8.166876751,      -6.782791065,      -7.496559784,      -6.773370095,      -9.487335913
          0,           0,         497,      -8.169535903,       -6.78626854,      -7.500105113,       -6.77688323,      -9.489213186
          0,           0,         498,      -8.172159844,       -6.78976052,      -7.503677651,      -6.780389132,      -9.491077432
          0,           0,         499,      -8.174751362,      -6.793264157,      -7.507281733,      -6.783886762,      -9.492928797
          0,           0,         500,      -8.177313525,      -6.796776678,      -7.510922534,      -6.787375339,      -9.494767147
          0,           0,         501,      -8.179849617,      -6.800295402,      -7.514605721,      -6.790854313,      -9.496592886
          0,           0,         502,      -8.182363047,      -6.803817754,      -7.518337085,      -6.794323294,      -9.498407115
          0,           0,         503,      -8.184857277,      -6.807341276,      -7.522122191,      -6.797781993,      -9.500210603
          0,           0,         504,      -8.187335754,      -6.810863638,      -7.525966024,      -6.801230177,      -9.502003978
          0,           0,         505,      -8.189801813,      -6.814382649,      -7.529872669,      -6.804667599,      -9.503787907
          0,           0,         506,      -8.192258633,       -6.81789626,      -7.533845028,      -6.808093966,      -9.505563086
          0,           0,         507,      -8.194709163,      -6.821402568,      -7.537884582,      -6.811508885,      -9.507330466
          0,           0,         508,      -8.197156067,       -6.82489982,      -7.541991203,      -6.814911813,      -9.509091249
          0,           0,         509,      -8.199601718,      -6.828386417,      -7.546163025,      -6.818302084,      -9.510846306
          0,           0,         510,      -8.202048188,      -6.831860907,      -7.550396384,      -6.821678895,      -9.512596513
          0,           0,         511,      -8.204497248,      -6.835321987,      -7.554685813,      -6.825041339,      -9.514342825
          0,           0,         512,      -8.206950291,      -6.838768495,      -7.559024092,      -6.828388339,      -9.516086178
          0,           0,         513,      -8.209408361,      -6.842199405,      -7.563402379,      -6.831718676,      -9.517827678
          0,           0,         514,      -8.211872187,      -6.845613815,      -7.567810401,      -6.835031043,      -9.519570686
          0,           0,         515,      -8.214342226,      -6.849010946,      -7.572236699,      -6.838324098,      -9.521315319
          0,           0,         516,      -8.216818672,      -6.852390125,      -7.576668923,      -6.841596482,      -9.523046119
          0,           0,         517,      -8.219301505,      -6.855750755,      -7.581094159,      -6.844846885,      -9.524745765
          0,           0,         518,       -8.22179053,      -6.859092401,      -7.585499283,      -6.848074064,      -9.526457753
          0,           0,         519,      -8.224285423,       -6.86241468,      -7.589871339,      -6.851276917,      -9.528170206
          0,           0,         520,      -8.226785776,      -6.865717278,      -7.594197931,      -6.854454544,      -9.529883145
          0,           0,         521,      -8.229291121,      -6.868999944,      -7.598467573,      -6.857606256,      -9.531597013
          0,           0,         522,      -8.231800976,      -6.872262481,       -7.60267003,      -6.860731613,      -9.533312198
          0,           0,         523,      -8.234314883,       -6.87550474,      -7.606796619,      -6.863830454,      -9.535029032
          0,           0,         524,      -8.236832424,      -6.878726614,      -7.610840445,      -6.866902887,      -9.536747671
          0,           0,         525,      -8.239353278,      -6.881928034,      -7.614796579,      -6.869949332,      -9.538467911
          0,           0,         526,      -8.241877238,      -6.885108964,      -7.618662167,      -6.872970524,      -9.540189316
          0,           0,         527,      -8.244404218,      -6.888269398,      -7.622436453,      -6.875967484,        -9.5419113
          0,           0,         528,      -8.246934267,      -6.891409359,      -7.626120729,      -6.878941507,      -9.543633023
          0,           0,         529,      -8.249467562,      -6.894528897,      -7.629718218,      -6.881894111,      -9.545353855
          0,           0,         530,      -8.252004422,      -6.897628086,      -7.633233875,       -6.88482704,      -9.547073112
          0,           0,         531,      -8.254545276,      -6.900707027,      -7.636674152,      -6.887742182,      -9.548790119
          0,           0,         532,      -8.257090643,      -6.903765848,      -7.640046707,      -6.890641518,      -9.550504238
          0,           0,         533,      -8.259641107,      -6.906804701,       -7.64336008,      -6.893527071,      -9.552214806
          0,           0,         534,      -8.262197265,      -6.909823767,      -7.646623365,      -6.896400831,       -9.55392124
          0,           0,         535,      -8.264759718,      -6.912823257,      -7.649845864,      -6.899264712,      -9.555622835
          0,           0,         536,      -8.267329026,      -6.915803408,       -7.65303677,      -6.902120501,      -9.557318876
          0,           0,         537,      -8.269905673,      -6.918764492,      -7.656204849,      -6.904969804,      -9.559008825
          0,           0,         538,      -8.272490027,      -6.921706814,      -7.659358177,      -6.907813983,       -9.56069226
          0,           0,         539,      -8.275082303,      -6.924630716,      -7.662503905,      -6.910654121,      -9.562370522
          0,           0,         540,      -8.277682574,      -6.927536574,      -7.665648064,      -6.913491052,      -9.564046416
          0,           0,         541,      -8.280290726,      -6.930424807,      -7.668795429,      -6.916325308,       -9.56570258
          0,           0,         542,      -8.282906434,      -6.933295834,      -7.671949432,        -6.9191571,      -9.567337247
          0,           0,         543,      -8.285529183,      -6.936150107,      -7.675112101,      -6.921986341,      -9.568971171
          0,           0,         544,      -8.288158255,      -6.938988137,       -7.67828409,      -6.924812634,      -9.570594407
          0,           0,         545,      -8.290792752,      -6.941810459,      -7.681464745,      -6.927635349,      -9.572206931
          0,           0,         546,      -8.293431608,      -6.944617626,      -7.684652182,      -6.930453653,      -9.573808659
          0,           0,         547,      -8.296073591,      -6.947410208,      -7.687843424,      -6.933266502,      -9.575399306
          0,           0,         548,      -8.298717337,      -6.950188782,      -7.691034575,      -6.936072691,      -9.576978468
          0,           0,         549,      -8.301361375,      -6.952953926,      -7.694221003,      -6.938870906,      -9.578546733
          0,           0,         550,      -8.304004169,      -6.955706216,       -7.69739756,      -6.941659776,      -9.580104491
          0,           0,         551,      -8.306644153,      -6.958446216,      -7.700558799,      -6.944437909,      -9.581652138
          0,           0,         552,      -8.309279766,      -6.961174476,        -7.7036992,      -6.947203948,      -9.583190117
          0,           0,         553,      -8.311909478,      -6.963891518,      -7.706813389,      -6.949956602,      -9.584718163
          0,           0,         554,      -8.314531838,      -6.966597835,      -7.709896342,      -6.952694697,      -9.586237704
          0,           0,         555,      -8.317145501,      -6.969293878,      -7.712943579,      -6.955417207,      -9.587749884
          0,           0,         556,      -8.319749255,      -6.971980059,       -7.71595133,       -6.95812327,      -9.589255251
          0,           0,         557,      -8.322342061,      -6.974656737,      -7.718916667,       -6.96081223,      -9.590754424
