"Pressure","Points:0","Points:1","Points:2"
1.0832,0.79465,0,-0.0015307
1.0722,0.78312,0,-0.0030657
1.0565,0.77104,0,-0.004644
1.042,0.75822,0,-0.0062955
1.0266,0.74447,0,-0.0080327
1.0117,0.72968,0,-0.0098515
0.99702,0.71372,0,-0.011744
0.98344,0.69654,0,-0.013697
0.97096,0.67809,0,-0.015702
0.95981,0.65836,0,-0.017748
0.94965,0.63738,0,-0.019828
0.94013,0.61518,0,-0.021939
0.93069,0.59183,0,-0.024072
0.92095,0.56742,0,-0.026215
0.91081,0.54204,0,-0.028347
0.90076,0.5158,0,-0.030431
0.89186,0.48885,0,-0.03242
0.88556,0.46131,0,-0.034259
0.88313,0.43334,0,-0.035886
0.88519,0.4051,0,-0.037245
0.89159,0.37676,0,-0.038293
0.9016,0.34848,0,-0.039003
0.91413,0.32045,0,-0.039371
0.92801,0.29283,0,-0.03941
0.94219,0.26579,0,-0.039149
0.9558,0.23949,0,-0.038624
0.96833,0.2141,0,-0.037873
1.0904,0.8323,0.13249,-0.0014565
1.0789,0.82136,0.13264,-0.0029168
1.0652,0.80991,0.13278,-0.0044182
1.0519,0.79776,0.13294,-0.0059892
1.038,0.78474,0.1331,-0.0076413
1.0243,0.77071,0.13327,-0.009371
1.0108,0.75559,0.13344,-0.01117
0.9981,0.7393,0.13362,-0.013027
0.98614,0.72181,0.13381,-0.014933
0.97514,0.70312,0.13399,-0.016877
0.96482,0.68323,0.13418,-0.018854
0.95494,0.66219,0.13437,-0.02086
0.94502,0.64006,0.13456,-0.022886
0.93477,0.61691,0.13475,-0.024922
0.92402,0.59285,0.13494,-0.026946
0.91297,0.56798,0.13512,-0.028926
0.9023,0.54243,0.13529,-0.030815
0.89317,0.51632,0.13545,-0.03256
0.88692,0.4898,0.13559,-0.034104
0.88467,0.46301,0.13569,-0.035395
0.88684,0.43611,0.13578,-0.03639
0.89312,0.40926,0.13583,-0.037064
0.90262,0.38262,0.13584,-0.037413
0.9142,0.35637,0.13583,-0.03745
0.92672,0.33066,0.1358,-0.037203
0.93923,0.30564,0.13574,-0.036705
0.9511,0.28147,0.13566,-0.035992
1.0981,0.86923,0.26246,-0.0013837
1.0864,0.85889,0.26274,-0.0027709
1.0731,0.84806,0.26304,-0.0041969
1.06,0.83656,0.26334,-0.0056887
1.0465,0.82424,0.26366,-0.0072575
1.0331,0.81097,0.264,-0.0088997
1.0199,0.79667,0.26434,-0.010607
1.0073,0.78126,0.2647,-0.01237
0.99547,0.76472,0.26506,-0.014179
0.98445,0.74703,0.26543,-0.016024
0.97395,0.72821,0.26581,-0.017899
0.96372,0.70831,0.26618,-0.019801
0.95326,0.68737,0.26656,-0.021723
0.94227,0.66547,0.26694,-0.023654
0.93047,0.64271,0.26731,-0.025573
0.91797,0.61918,0.26767,-0.02745
0.9053,0.595,0.26801,-0.02924
0.89354,0.57029,0.26832,-0.030895
0.88409,0.54518,0.26858,-0.032358
0.87839,0.51981,0.2688,-0.033581
0.87728,0.49433,0.26896,-0.034523
0.88079,0.46888,0.26906,-0.035163
0.88816,0.44362,0.2691,-0.035494
0.89825,0.41871,0.26908,-0.035529
0.90982,0.3943,0.26901,-0.035294
0.92181,0.37054,0.26889,-0.034823
0.93347,0.34757,0.26873,-0.034148
1.1006,0.90487,0.38768,-0.0013137
1.089,0.89509,0.3881,-0.0026304
1.0759,0.88486,0.38853,-0.0039839
1.063,0.87399,0.38898,-0.0053997
1.0498,0.86235,0.38945,-0.0068883
1.0368,0.84981,0.38995,-0.0084463
1.024,0.83629,0.39046,-0.010066
1.0119,0.82173,0.39098,-0.011738
1.0005,0.80609,0.39152,-0.013453
0.98987,0.78938,0.39207,-0.015202
0.97976,0.77159,0.39262,-0.01698
0.96985,0.75278,0.39318,-0.018783
0.95965,0.73299,0.39373,-0.020605
0.94884,0.71229,0.39429,-0.022434
0.93714,0.69078,0.39484,-0.024252
0.92464,0.66854,0.39537,-0.02603
0.91168,0.64568,0.39587,-0.027725
0.89905,0.62232,0.39633,-0.029292
0.88802,0.59857,0.39673,-0.030678
0.88016,0.57457,0.39705,-0.031835
0.87665,0.55045,0.39729,-0.032728
0.87783,0.52634,0.39743,-0.033333
0.88315,0.50241,0.39749,-0.033646
0.89154,0.47879,0.39746,-0.03368
0.90176,0.45563,0.39736,-0.033458
0.9127,0.43308,0.39718,-0.033012
0.92355,0.41126,0.39695,-0.032373
1.1019,0.93861,0.50629,-0.0012473
1.0904,0.92937,0.50684,-0.0024973
1.0774,0.9197,0.5074,-0.0037821
1.0646,0.90943,0.50799,-0.0051258
1.0516,0.89843,0.50861,-0.0065384
1.0386,0.88658,0.50926,-0.0080166
1.026,0.87381,0.50992,-0.0095533
1.014,0.86005,0.51061,-0.011139
1.0027,0.84528,0.51131,-0.012765
0.99212,0.82948,0.51203,-0.014424
0.98207,0.81267,0.51275,-0.01611
0.97218,0.79489,0.51347,-0.017818
0.96197,0.77619,0.5142,-0.019544
0.95111,0.75663,0.51493,-0.021278
0.93936,0.7363,0.51565,-0.023
0.9268,0.71528,0.51634,-0.024684
0.91377,0.69368,0.517,-0.02629
0.90102,0.67159,0.51759,-0.027773
0.88969,0.64913,0.51811,-0.029085
0.88121,0.62643,0.51853,-0.030181
0.87678,0.6036,0.51884,-0.031026
0.87691,0.58077,0.51904,-0.031599
0.88124,0.55809,0.51911,-0.031896
0.8888,0.5357,0.51907,-0.031928
0.89836,0.51373,0.51893,-0.031718
0.90882,0.49231,0.51871,-0.031296
0.91933,0.47159,0.51841,-0.030691
1.1034,0.97001,0.61677,-0.0011854
1.092,0.96127,0.61744,-0.0023732
1.0791,0.95212,0.61813,-0.0035939
1.0664,0.94241,0.61885,-0.0048703
1.0535,0.93201,0.6196,-0.006212
1.0406,0.9208,0.62039,-0.0076158
1.028,0.90872,0.6212,-0.0090749
1.0161,0.89571,0.62204,-0.010581
1.0048,0.88174,0.62289,-0.012124
0.99432,0.8668,0.62376,-0.013698
0.98425,0.85091,0.62464,-0.015297
0.9743,0.83409,0.62553,-0.016919
0.96399,0.8164,0.62641,-0.018556
0.95298,0.79791,0.6273,-0.0202
0.941,0.77868,0.62817,-0.021833
0.92812,0.7588,0.62902,-0.023428
0.91471,0.73836,0.62982,-0.024951
0.90154,0.71747,0.63054,-0.026357
0.88977,0.69621,0.63118,-0.0276
0.88076,0.67471,0.63169,-0.028638
0.87571,0.65308,0.63207,-0.029439
0.87516,0.63145,0.6323,-0.029982
0.87885,0.60994,0.63239,-0.030263
0.88585,0.58869,0.63234,-0.030294
0.89499,0.56782,0.63217,-0.030095
0.90515,0.54747,0.6319,-0.029696
0.91547,0.52777,0.63154,-0.029123
1.1044,0.99875,0.71793,-0.0011287
1.0932,0.99046,0.71871,-0.0022596
1.0804,0.9818,0.71951,-0.0034215
1.0678,0.9726,0.72034,-0.0046364
1.055,0.96274,0.72122,-0.0059132
1.0422,0.95213,0.72213,-0.0072489
1.0297,0.94069,0.72308,-0.008637
1.0178,0.92836,0.72406,-0.010069
1.0066,0.91513,0.72505,-0.011537
0.99608,0.90097,0.72606,-0.013034
0.98601,0.88591,0.72708,-0.014554
0.97604,0.86998,0.72811,-0.016095
0.96569,0.85322,0.72915,-0.017651
0.95459,0.8357,0.73018,-0.019212
0.94248,0.81748,0.73119,-0.020764
0.9294,0.79864,0.73218,-0.02228
0.91569,0.77928,0.73311,-0.023725
0.90212,0.75947,0.73395,-0.02506
0.88985,0.73932,0.73469,-0.02624
0.8803,0.71892,0.73529,-0.027226
0.87465,0.6984,0.73573,-0.027986
0.87353,0.67785,0.736,-0.028502
0.87671,0.65741,0.7361,-0.028769
0.88331,0.6372,0.73605,-0.028798
0.89217,0.61735,0.73585,-0.02861
0.90219,0.59798,0.73553,-0.028231
0.91247,0.57921,0.73511,-0.027688
1.1055,1.0246,0.80889,-0.0010778
1.0945,1.0168,0.80977,-0.0021576
1.0817,1.0085,0.81067,-0.0032668
1.0692,0.99979,0.81161,-0.0044265
1.0565,0.99043,0.8126,-0.005645
1.0438,0.98035,0.81363,-0.0069195
1.0313,0.96947,0.8147,-0.0082439
1.0195,0.95776,0.81579,-0.0096099
1.0083,0.94518,0.81692,-0.01101
0.99783,0.93174,0.81805,-0.012437
0.98775,0.91743,0.8192,-0.013887
0.97774,0.90229,0.82037,-0.015355
0.96731,0.88636,0.82153,-0.016838
0.9561,0.86971,0.82269,-0.018326
0.94381,0.8524,0.82384,-0.019804
0.93045,0.8345,0.82495,-0.021248
0.91636,0.81609,0.82599,-0.022625
0.90228,0.79726,0.82695,-0.023896
0.88935,0.7781,0.82778,-0.02502
0.87901,0.7587,0.82845,-0.025958
0.87252,0.73916,0.82894,-0.026682
0.87064,0.7196,0.82925,-0.027172
0.87323,0.70012,0.82937,-0.027427
0.87942,0.68085,0.82931,-0.027455
0.88808,0.66191,0.82909,-0.027276
0.89807,0.64341,0.82873,-0.026915
0.90847,0.62548,0.82825,-0.026399
1.1064,1.0475,0.88916,-0.0010329
1.0955,1.04,0.89012,-0.0020676
1.0828,1.0321,0.89112,-0.0031303
1.0705,1.0238,0.89215,-0.0042412
1.0578,1.0149,0.89324,-0.0054083
1.0453,1.0052,0.89437,-0.0066288
1.033,0.99487,0.89554,-0.0078969
1.0214,0.98371,0.89675,-0.0092047
1.0104,0.97171,0.89798,-0.010545
1,0.95888,0.89923,-0.01191
0.99011,0.94524,0.9005,-0.013298
0.98024,0.9308,0.90178,-0.014703
0.96992,0.91561,0.90306,-0.016121
0.95878,0.89973,0.90433,-0.017544
0.94649,0.88321,0.90559,-0.018957
0.93302,0.86614,0.90681,-0.020338
0.91863,0.84858,0.90796,-0.021654
0.90401,0.83062,0.90901,-0.022868
0.89024,0.81233,0.90992,-0.023942
0.87872,0.7938,0.91066,-0.024839
0.87087,0.77514,0.91121,-0.025531
0.86759,0.75644,0.91155,-0.025999
0.86897,0.73781,0.91167,-0.026243
0.87427,0.71937,0.91161,-0.02627
0.88236,0.70123,0.91136,-0.026099
0.8921,0.6835,0.91097,-0.025755
0.90253,0.66631,0.91044,-0.025261
1.1062,1.0672,0.95857,-0.00099408
1.0955,1.06,0.95961,-0.0019897
1.083,1.0525,0.96068,-0.0030123
1.0708,1.0445,0.96179,-0.0040809
1.0583,1.036,0.96296,-0.0052036
1.0461,1.0268,0.96419,-0.0063775
1.034,1.0168,0.96545,-0.0075968
1.0227,1.0061,0.96675,-0.0088542
1.012,0.99464,0.96808,-0.010142
1.002,0.98235,0.96943,-0.011455
0.99238,0.96928,0.9708,-0.012788
0.98285,0.95544,0.97217,-0.014138
0.97287,0.94089,0.97355,-0.0155
0.96206,0.92567,0.97493,-0.016868
0.95008,0.90985,0.97629,-0.018225
0.93687,0.8935,0.9776,-0.01955
0.92259,0.87667,0.97884,-0.020814
0.90781,0.85945,0.97997,-0.02198
0.89342,0.84192,0.98096,-0.02301
0.88072,0.82415,0.98175,-0.023871
0.8711,0.80624,0.98234,-0.024535
0.86571,0.78829,0.98271,-0.024985
0.86495,0.77039,0.98285,-0.025218
0.86839,0.75267,0.98277,-0.025244
0.87506,0.73522,0.98251,-0.025081
0.88385,0.71817,0.98208,-0.02475
0.89381,0.70161,0.98152,-0.024277
1.1048,1.0839,1.0173,-0.00096118
1.0942,1.077,1.0184,-0.0019237
1.0819,1.0697,1.0195,-0.0029122
1.07,1.0621,1.0207,-0.0039452
1.0578,1.0538,1.022,-0.0050301
1.0459,1.045,1.0233,-0.0061644
1.0342,1.0354,1.0246,-0.0073426
1.0233,1.0251,1.026,-0.0085572
1.0131,1.014,1.0274,-0.0098014
1.0036,1.0022,1.0288,-0.011069
0.99457,0.9896,1.0303,-0.012356
0.98561,0.97628,1.0317,-0.01366
0.97624,0.96226,1.0332,-0.014975
0.96608,0.94761,1.0347,-0.016294
0.95479,0.93238,1.0361,-0.017604
0.9423,0.91663,1.0375,-0.018883
0.92874,0.90042,1.0388,-0.020102
0.91451,0.88383,1.04,-0.021227
0.90029,0.86694,1.0411,-0.022221
0.88708,0.84981,1.0419,-0.023051
0.87603,0.83254,1.0425,-0.023691
0.86829,0.81522,1.0429,-0.024125
0.86452,0.79795,1.0431,-0.02435
0.86479,0.78083,1.043,-0.024376
0.86855,0.76397,1.0427,-0.024218
0.87494,0.74749,1.0422,-0.0239
0.88312,0.73148,1.0416,-0.023443
1.1022,1.0977,1.0658,-0.00093397
1.0917,1.091,1.067,-0.0018692
1.0796,1.084,1.0682,-0.0028295
1.068,1.0765,1.0694,-0.0038329
1.0562,1.0686,1.0707,-0.0048867
1.0447,1.06,1.0721,-0.0059884
1.0335,1.0507,1.0735,-0.0071324
1.0231,1.0408,1.0749,-0.0083118
1.0134,1.03,1.0764,-0.0095196
1.0045,1.0186,1.0779,-0.01075
0.996,1.0064,1.0794,-0.011999
0.98764,0.9935,1.081,-0.013264
0.97893,0.97993,1.0825,-0.014541
0.96948,0.96575,1.084,-0.015821
0.95898,0.951,1.0855,-0.017091
0.94739,0.93574,1.087,-0.018331
0.93485,0.92005,1.0884,-0.019514
0.92174,0.90399,1.0896,-0.020604
0.9086,0.88762,1.0907,-0.021568
0.8961,0.87103,1.0916,-0.022373
0.88496,0.85429,1.0923,-0.022994
0.87592,0.83749,1.0927,-0.023415
0.86953,0.82073,1.0928,-0.023633
0.8661,0.80411,1.0928,-0.023658
0.86558,0.78774,1.0925,-0.023505
0.86768,0.77172,1.092,-0.023196
0.87206,0.75616,1.0914,-0.022754
1.0985,1.1089,1.1051,-0.000912
1.0879,1.1023,1.1063,-0.0018251
1.0758,1.0955,1.1075,-0.0027627
1.0644,1.0883,1.1088,-0.0037422
1.053,1.0805,1.1101,-0.0047709
1.0419,1.0721,1.1115,-0.0058461
1.0313,1.0631,1.113,-0.0069626
1.0215,1.0534,1.1145,-0.0081135
1.0126,1.043,1.116,-0.009292
1.0044,1.0318,1.1176,-0.010493
0.99668,1.02,1.1191,-0.011711
0.98916,1.0074,1.1207,-0.012945
0.98133,0.99421,1.1223,-0.01419
0.97281,0.9804,1.1239,-0.015438
0.96327,0.96604,1.1255,-0.016677
0.95267,0.95119,1.127,-0.017886
0.94122,0.93591,1.1284,-0.019038
0.92935,0.92027,1.1297,-0.020102
0.91765,0.90433,1.1309,-0.021041
0.90672,0.88817,1.1318,-0.021826
0.897,0.87185,1.1325,-0.02243
0.88872,0.85548,1.1329,-0.022841
0.88186,0.83913,1.133,-0.023054
0.87635,0.82292,1.133,-0.023078
0.87218,0.80694,1.1327,-0.022929
0.8694,0.7913,1.1322,-0.022628
0.86823,0.7761,1.1315,-0.022197
1.0934,1.1177,1.1361,-0.00089459
1.0834,1.1113,1.1374,-0.0017902
1.0721,1.1046,1.1386,-0.0027098
1.0615,1.0975,1.14,-0.0036704
1.0508,1.0899,1.1413,-0.0046791
1.0404,1.0818,1.1428,-0.0057334
1.0304,1.0729,1.1443,-0.0068281
1.0209,1.0634,1.1458,-0.0079563
1.0121,1.0532,1.1474,-0.0091116
1.0038,1.0423,1.149,-0.010288
0.99603,1.0307,1.1506,-0.011483
0.98853,1.0184,1.1522,-0.012692
0.98102,1.0055,1.1539,-0.013911
0.97308,0.992,1.1555,-0.015135
0.9643,0.97796,1.1571,-0.016348
0.95455,0.96343,1.1587,-0.017533
0.94401,0.94848,1.1602,-0.018662
0.9331,0.93317,1.1615,-0.019703
0.92245,0.91757,1.1627,-0.020624
0.91271,0.90175,1.1636,-0.021392
0.90438,0.88577,1.1643,-0.021984
0.89759,0.86973,1.1647,-0.022386
0.89203,0.85372,1.1649,-0.022594
0.88707,0.83782,1.1648,-0.022618
0.88204,0.82216,1.1645,-0.022473
0.87646,0.80682,1.164,-0.022178
0.87038,0.7919,1.1633,-0.021756
1.0785,1.1246,1.1606,-0.00088088
1.0703,1.1184,1.1619,-0.0017627
1.0607,1.1118,1.1631,-0.0026681
1.0514,1.1048,1.1645,-0.0036138
1.0418,1.0974,1.1659,-0.0046068
1.0324,1.0893,1.1674,-0.0056447
1.0232,1.0807,1.1689,-0.0067221
1.0146,1.0713,1.1705,-0.0078326
1.0066,1.0613,1.1721,-0.0089696
0.99943,1.0506,1.1737,-0.010128
0.99254,1.0392,1.1754,-0.011303
0.98622,1.0271,1.1771,-0.012493
0.98034,1.0144,1.1787,-0.013693
0.97413,1.0011,1.1804,-0.014896
0.96695,0.98734,1.182,-0.01609
0.95862,0.97306,1.1836,-0.017255
0.94936,0.95837,1.1851,-0.018365
0.93959,0.94333,1.1865,-0.01939
0.92986,0.928,1.1877,-0.020295
0.92089,0.91244,1.1887,-0.02105
0.91336,0.89673,1.1894,-0.021633
0.90763,0.88095,1.1898,-0.022028
0.90357,0.8652,1.19,-0.022233
0.90052,0.84956,1.1899,-0.022256
0.89733,0.83414,1.1896,-0.022113
0.89277,0.81903,1.1891,-0.021824
0.88609,0.80434,1.1884,-0.021409
1.0742,1.1302,1.1803,-0.00086983
1.0762,1.1241,1.1816,-0.0017406
1.0738,1.1176,1.1829,-0.0026345
1.0693,1.1107,1.1843,-0.0035682
1.0627,1.1034,1.1857,-0.0045486
1.0547,1.0954,1.1872,-0.0055731
1.0454,1.0869,1.1888,-0.0066367
1.0353,1.0777,1.1904,-0.0077328
1.0243,1.0678,1.192,-0.008855
1.0124,1.0573,1.1937,-0.009998
0.99877,1.046,1.1954,-0.011158
0.98694,1.0341,1.1971,-0.012306
0.97944,1.0216,1.1988,-0.01327
0.97333,1.0085,1.2004,-0.014058
0.96681,0.99485,1.202,-0.014708
0.95911,0.98073,1.2035,-0.015246
0.95005,0.96619,1.2049,-0.015692
0.94003,0.95129,1.2061,-0.01606
0.92955,0.93609,1.2071,-0.016359
0.91925,0.92068,1.208,-0.016598
0.90981,0.90513,1.2086,-0.016784
0.90172,0.88953,1.209,-0.016921
0.89517,0.87396,1.2091,-0.017013
0.89007,0.85852,1.209,-0.017065
0.88591,0.84331,1.2088,-0.017078
0.88139,0.82842,1.2083,-0.017053
0.87469,0.81396,1.2077,-0.016992
0.97965,0.18975,0,-0.036928
0.98994,0.16658,0,-0.035815
0.99953,0.14471,0,-0.034551
1.0088,0.12424,0,-0.033148
1.0183,0.10527,0,-0.031618
1.0282,0.087843,0,-0.029978
1.0386,0.072021,0,-0.028252
1.0476,0.057818,0,-0.026475
1.047,0.045224,0,-0.024685
1.0314,0.034203,0,-0.022922
1.0292,0.024726,0,-0.021009
1.0793,0.016823,0,-0.018562
1.1887,0.010546,0,-0.015441
1.3331,0.005855,0,-0.011828
1.4782,0.002602,0,-0.0079765
1.5818,0.00065779,0,-0.0040178
1.5883,0,0,0
1.4761,0.00065779,0,0.0040178
1.2959,0.002602,0,0.0079765
1.1051,0.005855,0,0.011828
0.93211,0.010546,0,0.015441
0.80694,0.016823,0,0.018562
0.754,0.024726,0,0.021009
0.76889,0.034203,0,0.022922
0.81028,0.045224,0,0.024685
0.83678,0.057818,0,0.026475
0.84505,0.072021,0,0.028252
0.84572,0.087843,0,0.029978
0.84403,0.10527,0,0.031618
0.84088,0.12424,0,0.033148
0.83689,0.14471,0,0.034551
0.83241,0.16658,0,0.035815
0.82691,0.18975,0,0.036928
0.8196,0.2141,0,0.037873
0.81015,0.23949,0,0.038624
0.79872,0.26579,0,0.039149
0.78578,0.29283,0,0.03941
0.77189,0.32045,0,0.039371
0.7575,0.34848,0,0.039003
0.74255,0.37676,0,0.038293
0.72661,0.4051,0,0.037245
0.71003,0.43334,0,0.035886
0.69659,0.46131,0,0.034259
0.69463,0.48885,0,0.03242
0.71759,0.5158,0,0.030431
0.77369,0.54204,0,0.028347
0.84224,0.56742,0,0.026215
0.89049,0.59183,0,0.024072
0.91673,0.61518,0,0.021939
0.93466,0.63738,0,0.019828
0.95176,0.65836,0,0.017748
0.96897,0.67809,0,0.015702
0.98591,0.69654,0,0.013697
1.0024,0.71372,0,0.011744
1.0185,0.72968,0,0.0098515
1.0338,0.74447,0,0.0080327
1.0484,0.75822,0,0.0062955
1.0612,0.77104,0,0.004644
1.0743,0.78312,0,0.0030657
1.0822,0.79465,0,0.0015307
1.0988,0.8059,0,0
0.96204,0.25829,0.13557,-0.035096
0.97207,0.23621,0.13546,-0.034039
0.98147,0.21536,0.13534,-0.032839
0.99061,0.19584,0.13521,-0.031507
0.99989,0.17772,0.13507,-0.030055
1.0095,0.16108,0.13492,-0.028497
1.0195,0.14596,0.13476,-0.026859
1.0296,0.13237,0.13461,-0.02517
1.0333,0.12031,0.13445,-0.02347
1.0205,0.10974,0.1343,-0.021795
1.013,0.10064,0.13413,-0.019978
1.0555,0.093002,0.13392,-0.017653
1.1545,0.086881,0.13365,-0.014686
1.2761,0.082243,0.13335,-0.011251
1.3822,0.078961,0.13302,-0.0075881
1.4424,0.076918,0.13268,-0.0038226
1.4263,0.076097,0.13234,0
1.3257,0.076918,0.13268,0.0038226
1.1726,0.078961,0.13302,0.0075881
1,0.082243,0.13335,0.011251
0.82978,0.086881,0.13365,0.014686
0.69761,0.093002,0.13392,0.017653
0.64164,0.10064,0.13413,0.019978
0.67819,0.10974,0.1343,0.021795
0.75514,0.12031,0.13445,0.02347
0.79712,0.13237,0.13461,0.02517
0.80677,0.14596,0.13476,0.026859
0.80653,0.16108,0.13492,0.028497
0.80625,0.17772,0.13507,0.030055
0.80622,0.19584,0.13521,0.031507
0.80506,0.21536,0.13534,0.032839
0.80226,0.23621,0.13546,0.034039
0.79762,0.25829,0.13557,0.035096
0.79084,0.28147,0.13566,0.035992
0.78183,0.30564,0.13574,0.036705
0.77077,0.33066,0.1358,0.037203
0.75806,0.35637,0.13583,0.03745
0.74421,0.38262,0.13584,0.037413
0.72948,0.40926,0.13583,0.037064
0.71393,0.43611,0.13578,0.03639
0.69954,0.46301,0.13569,0.035395
0.69245,0.4898,0.13559,0.034104
0.70368,0.51632,0.13545,0.03256
0.74246,0.54243,0.13529,0.030815
0.80388,0.56798,0.13512,0.028926
0.86338,0.59285,0.13494,0.026946
0.90347,0.61691,0.13475,0.024922
0.92706,0.64006,0.13456,0.022886
0.94322,0.66219,0.13437,0.02086
0.95866,0.68323,0.13418,0.018854
0.97433,0.70312,0.13399,0.016877
0.98961,0.72181,0.13381,0.014933
1.0045,0.7393,0.13362,0.013027
1.0191,0.75559,0.13344,0.01117
1.0333,0.77071,0.13327,0.009371
1.0466,0.78474,0.1331,0.0076413
1.0593,0.79776,0.13294,0.0059892
1.0705,0.80991,0.13278,0.0044182
1.0814,0.82136,0.13264,0.0029168
1.0894,0.8323,0.13249,0.0014565
1.104,0.84296,0.13235,0
0.9444,0.32552,0.26855,-0.033299
0.95456,0.30452,0.26833,-0.032298
0.96417,0.28467,0.2681,-0.031161
0.97367,0.26607,0.26784,-0.029898
0.98349,0.2488,0.26756,-0.028522
0.99386,0.23293,0.26727,-0.027046
1.0046,0.21849,0.26696,-0.025492
1.0156,0.2055,0.26665,-0.023891
1.0206,0.19396,0.26634,-0.022278
1.0087,0.18384,0.26603,-0.02069
1.0011,0.1751,0.2657,-0.018966
1.0445,0.16773,0.26529,-0.01676
1.1469,0.16176,0.26476,-0.013945
1.2737,0.15718,0.26415,-0.010685
1.3842,0.15387,0.2635,-0.0072072
1.4451,0.15173,0.26284,-0.0036313
1.4237,0.15074,0.26216,0
1.3099,0.15173,0.26284,0.0036313
1.1414,0.15387,0.2635,0.0072072
0.95585,0.15718,0.26415,0.010685
0.77333,0.16176,0.26476,0.013945
0.62627,0.16773,0.26529,0.01676
0.5497,0.1751,0.2657,0.018966
0.55845,0.18384,0.26603,0.02069
0.63674,0.19396,0.26634,0.022278
0.71874,0.2055,0.26665,0.023891
0.75543,0.21849,0.26696,0.025492
0.76293,0.23293,0.26727,0.027046
0.76212,0.2488,0.26756,0.028522
0.76165,0.26607,0.26784,0.029898
0.76254,0.28467,0.2681,0.031161
0.7629,0.30452,0.26833,0.032298
0.76112,0.32552,0.26855,0.033299
0.75646,0.34757,0.26873,0.034148
0.74898,0.37054,0.26889,0.034823
0.73902,0.3943,0.26901,0.035294
0.72699,0.41871,0.26908,0.035529
0.71327,0.44362,0.2691,0.035494
0.6977,0.46888,0.26906,0.035163
0.68205,0.49433,0.26896,0.034523
0.67388,0.51981,0.2688,0.033581
0.68875,0.54518,0.26858,0.032358
0.73969,0.57029,0.26832,0.030895
0.81518,0.595,0.26801,0.02924
0.87703,0.61918,0.26767,0.02745
0.91181,0.64271,0.26731,0.025573
0.93242,0.66547,0.26694,0.023654
0.94787,0.68737,0.26656,0.021723
0.96255,0.70831,0.26618,0.019801
0.97735,0.72821,0.26581,0.017899
0.99175,0.74703,0.26543,0.016024
1.0057,0.76472,0.26506,0.014179
1.0195,0.78126,0.2647,0.01237
1.033,0.79667,0.26434,0.010607
1.046,0.81097,0.264,0.0088997
1.0583,0.82424,0.26366,0.0072575
1.07,0.83656,0.26334,0.0056887
1.0804,0.84806,0.26304,0.0041969
1.0904,0.85889,0.26274,0.0027709
1.0979,0.86923,0.26246,0.0013837
1.1118,0.87932,0.26217,0
0.93386,0.39031,0.39668,-0.03157
0.94353,0.37034,0.39636,-0.030622
0.95281,0.35146,0.39601,-0.029546
0.96209,0.33375,0.39563,-0.02835
0.97187,0.3173,0.39522,-0.027047
0.98237,0.30216,0.39479,-0.025649
0.99346,0.28838,0.39434,-0.024177
1.0047,0.27597,0.39388,-0.02266
1.0101,0.26493,0.39342,-0.021132
0.99909,0.25524,0.39297,-0.019627
0.99237,0.24685,0.39248,-0.017993
1.0364,0.23974,0.39187,-0.015902
1.1389,0.23391,0.39109,-0.013232
1.2647,0.22938,0.39019,-0.01014
1.3741,0.22604,0.38923,-0.0068407
1.4334,0.22381,0.38825,-0.0034471
1.4085,0.22267,0.38725,0
1.2898,0.22381,0.38825,0.0034471
1.1172,0.22604,0.38923,0.0068407
0.92922,0.22938,0.39019,0.01014
0.74415,0.23391,0.39109,0.013232
0.59236,0.23974,0.39187,0.015902
0.50556,0.24685,0.39248,0.017993
0.49261,0.25524,0.39297,0.019627
0.53903,0.26493,0.39342,0.021132
0.62259,0.27597,0.39388,0.02266
0.69729,0.28838,0.39434,0.024177
0.73089,0.30216,0.39479,0.025649
0.73822,0.3173,0.39522,0.027047
0.73681,0.33375,0.39563,0.02835
0.73552,0.35146,0.39601,0.029546
0.73574,0.37034,0.39636,0.030622
0.73564,0.39031,0.39668,0.03157
0.73329,0.41126,0.39695,0.032373
0.72777,0.43308,0.39718,0.033012
0.71897,0.45563,0.39736,0.033458
0.70699,0.47879,0.39746,0.03368
0.6919,0.50241,0.39749,0.033646
0.67484,0.52634,0.39743,0.033333
0.66307,0.55045,0.39729,0.032728
0.67532,0.57457,0.39705,0.031835
0.73144,0.59857,0.39673,0.030678
0.81749,0.62232,0.39633,0.029292
0.88218,0.64568,0.39587,0.027725
0.91339,0.66854,0.39537,0.02603
0.93034,0.69078,0.39484,0.024252
0.94478,0.71229,0.39429,0.022434
0.95927,0.73299,0.39373,0.020605
0.97357,0.75278,0.39318,0.018783
0.98732,0.77159,0.39262,0.01698
1.0006,0.78938,0.39207,0.015202
1.0136,0.80609,0.39152,0.013453
1.0266,0.82173,0.39098,0.011738
1.0393,0.83629,0.39046,0.010066
1.0516,0.84981,0.38995,0.0084463
1.0633,0.86235,0.38945,0.0068883
1.0743,0.87399,0.38898,0.0053997
1.0842,0.88486,0.38853,0.0039839
1.0938,0.89509,0.3881,0.0026304
1.1008,0.90487,0.38768,0.0013137
1.1143,0.9144,0.38725,0
0.92943,0.45168,0.51805,-0.029931
0.93899,0.43269,0.51764,-0.029034
0.94823,0.41472,0.51718,-0.028015
0.95757,0.39786,0.51668,-0.026883
0.96749,0.38218,0.51615,-0.025649
0.97821,0.36774,0.51558,-0.024325
0.98954,0.35458,0.51499,-0.022931
1.0012,0.34272,0.51439,-0.021493
1.0075,0.33216,0.51379,-0.020046
0.99727,0.32288,0.5132,-0.01862
0.99105,0.31482,0.51257,-0.01707
1.0356,0.30794,0.51177,-0.015088
1.1387,0.30226,0.51075,-0.012557
1.2649,0.29777,0.50958,-0.0096237
1.3743,0.29441,0.50833,-0.0064934
1.4323,0.29209,0.50704,-0.0032727
1.4049,0.2908,0.50574,0
1.2835,0.29209,0.50704,0.0032727
1.1078,0.29441,0.50833,0.0064934
0.91713,0.29777,0.50958,0.0096237
0.73094,0.30226,0.51075,0.012557
0.57787,0.30794,0.51177,0.015088
0.48756,0.31482,0.51257,0.01707
0.46521,0.32288,0.5132,0.01862
0.49022,0.33216,0.51379,0.020046
0.54029,0.34272,0.51439,0.021493
0.61084,0.35458,0.51499,0.022931
0.67778,0.36774,0.51558,0.024325
0.71276,0.38218,0.51615,0.025649
0.72233,0.39786,0.51668,0.026883
0.72108,0.41472,0.51718,0.028015
0.71819,0.43269,0.51764,0.029034
0.71589,0.45168,0.51805,0.029931
0.71341,0.47159,0.51841,0.030691
0.70899,0.49231,0.51871,0.031296
0.70103,0.51373,0.51893,0.031718
0.68822,0.5357,0.51907,0.031928
0.67132,0.55809,0.51911,0.031896
0.65609,0.58077,0.51904,0.031599
0.66106,0.6036,0.51884,0.031026
0.71134,0.62643,0.51853,0.030181
0.80353,0.64913,0.51811,0.029085
0.87611,0.67159,0.51759,0.027773
0.90688,0.69368,0.517,0.02629
0.92172,0.71528,0.51634,0.024684
0.9358,0.7363,0.51565,0.023
0.95117,0.75663,0.51493,0.021278
0.96613,0.77619,0.5142,0.019544
0.98006,0.79489,0.51347,0.017818
0.99321,0.81267,0.51275,0.01611
1.006,0.82948,0.51203,0.014424
1.0186,0.84528,0.51131,0.012765
1.0311,0.86005,0.51061,0.011139
1.0434,0.87381,0.50992,0.0095533
1.0553,0.88658,0.50926,0.0080166
1.0665,0.89843,0.50861,0.0065384
1.0771,0.90943,0.50799,0.0051258
1.0866,0.9197,0.5074,0.0037821
1.0959,0.92937,0.50684,0.0024973
1.1027,0.93861,0.50629,0.0012473
1.1157,0.94763,0.50574,0
0.92548,0.50883,0.6311,-0.028403
0.93505,0.49075,0.6306,-0.027553
0.94438,0.47363,0.63004,-0.026588
0.9539,0.45756,0.62943,-0.025515
0.96406,0.4426,0.62878,-0.024345
0.97508,0.42881,0.62809,-0.02309
0.98673,0.41623,0.62737,-0.021768
0.99882,0.40488,0.62664,-0.020406
1.0056,0.39477,0.62591,-0.019033
0.99621,0.38587,0.62519,-0.01768
0.99072,0.37812,0.62442,-0.01621
1.0358,0.37147,0.62344,-0.014329
1.1391,0.36591,0.6222,-0.011927
1.2652,0.36147,0.62077,-0.0091422
1.3742,0.35808,0.61925,-0.0061696
1.4309,0.35568,0.61769,-0.0031099
1.4012,0.35426,0.6161,0
1.2782,0.35568,0.61769,0.0031099
1.1007,0.35808,0.61925,0.0061696
0.90875,0.36147,0.62077,0.0091422
0.72236,0.36591,0.6222,0.011927
0.56925,0.37147,0.62344,0.014329
0.47818,0.37812,0.62442,0.01621
0.45333,0.38587,0.62519,0.01768
0.47084,0.39477,0.62591,0.019033
0.50243,0.40488,0.62664,0.020406
0.54237,0.41623,0.62737,0.021768
0.59798,0.42881,0.62809,0.02309
0.6571,0.4426,0.62878,0.024345
0.69537,0.45756,0.62943,0.025515
0.70919,0.47363,0.63004,0.026588
0.7093,0.49075,0.6306,0.027553
0.7049,0.50883,0.6311,0.028403
0.69967,0.52777,0.63154,0.029123
0.69353,0.54747,0.6319,0.029696
0.68417,0.56782,0.63217,0.030095
0.6699,0.58869,0.63234,0.030294
0.65421,0.60994,0.63239,0.030263
0.65336,0.63145,0.6323,0.029982
0.69341,0.65308,0.63207,0.029439
0.78486,0.67471,0.63169,0.028638
0.86731,0.69621,0.63118,0.0276
0.90099,0.71747,0.63054,0.026357
0.91411,0.73836,0.62982,0.024951
0.92724,0.7588,0.62902,0.023428
0.94315,0.77868,0.62817,0.021833
0.95883,0.79791,0.6273,0.0202
0.97301,0.8164,0.62641,0.018556
0.98614,0.83409,0.62553,0.016919
0.99867,0.85091,0.62464,0.015297
1.0109,0.8668,0.62376,0.013698
1.023,0.88174,0.62289,0.012124
1.0351,0.89571,0.62204,0.010581
1.0469,0.90872,0.6212,0.0090749
1.0584,0.9208,0.62039,0.0076158
1.0693,0.93201,0.6196,0.006212
1.0796,0.94241,0.61885,0.0048703
1.0889,0.95212,0.61813,0.0035939
1.098,0.96127,0.61744,0.0023732
1.1047,0.97001,0.61677,0.0011854
1.1173,0.97853,0.6161,0
0.9225,0.56115,0.7346,-0.027004
0.93214,0.54391,0.73401,-0.026198
0.94159,0.52757,0.73336,-0.025281
0.95126,0.51222,0.73266,-0.024263
0.96161,0.49792,0.7319,-0.023152
0.97286,0.48473,0.7311,-0.02196
0.98478,0.47268,0.73026,-0.020704
0.99719,0.4618,0.72941,-0.01941
1.0045,0.45209,0.72856,-0.018105
0.99563,0.44354,0.72772,-0.01682
0.99087,0.43608,0.72683,-0.015423
1.0364,0.42963,0.72569,-0.013634
1.1399,0.42419,0.72424,-0.01135
1.2655,0.41979,0.72258,-0.0087015
1.3739,0.41638,0.72081,-0.0058731
1.429,0.4139,0.71899,-0.002961
1.3972,0.41236,0.71714,0
1.2733,0.4139,0.71899,0.002961
1.0948,0.41638,0.72081,0.0058731
0.9022,0.41979,0.72258,0.0087015
0.71583,0.42419,0.72424,0.01135
0.56291,0.42963,0.72569,0.013634
0.47168,0.43608,0.72683,0.015423
0.44612,0.44354,0.72772,0.01682
0.46204,0.45209,0.72856,0.018105
0.48833,0.4618,0.72941,0.01941
0.51368,0.47268,0.73026,0.020704
0.5441,0.48473,0.7311,0.02196
0.58742,0.49792,0.7319,0.023152
0.63946,0.51222,0.73266,0.024263
0.6802,0.52757,0.73336,0.025281
0.69836,0.54391,0.73401,0.026198
0.70024,0.56115,0.7346,0.027004
0.69382,0.57921,0.73511,0.027688
0.68332,0.59798,0.73553,0.028231
0.66963,0.61735,0.73585,0.02861
0.65487,0.6372,0.73605,0.028798
0.65151,0.65741,0.7361,0.028769
0.68311,0.67785,0.736,0.028502
0.76804,0.6984,0.73573,0.027986
0.85652,0.71892,0.73529,0.027226
0.89498,0.73932,0.73469,0.02624
0.90669,0.75947,0.73395,0.02506
0.91745,0.77928,0.73311,0.023725
0.93299,0.79864,0.73218,0.02228
0.94931,0.81748,0.73119,0.020764
0.96395,0.8357,0.73018,0.019212
0.97726,0.85322,0.72915,0.017651
0.98984,0.86998,0.72811,0.016095
1.0019,0.88591,0.72708,0.014554
1.0138,0.90097,0.72606,0.013034
1.0255,0.91513,0.72505,0.011537
1.0372,0.92836,0.72406,0.010069
1.0488,0.94069,0.72308,0.008637
1.0601,0.95213,0.72213,0.0072489
1.0708,0.96274,0.72122,0.0059132
1.0811,0.9726,0.72034,0.0046364
1.0902,0.9818,0.71951,0.0034215
1.0993,0.99046,0.71871,0.0022596
1.106,0.99875,0.71793,0.0011287
1.1184,1.0068,0.71715,0
0.9187,0.60822,0.82767,-0.025748
0.9286,0.59172,0.82702,-0.02498
0.93834,0.57609,0.82629,-0.024108
0.94831,0.56138,0.82549,-0.023139
0.95896,0.54768,0.82464,-0.022081
0.97051,0.53502,0.82373,-0.020945
0.98274,0.52345,0.82279,-0.019749
0.99548,0.51299,0.82183,-0.018516
1.0031,0.50365,0.82087,-0.017273
0.99485,0.49541,0.81993,-0.016047
0.99085,0.4882,0.81892,-0.014716
1.037,0.48193,0.81764,-0.013011
1.1407,0.47661,0.81601,-0.010832
1.266,0.47224,0.81414,-0.0083057
1.3735,0.46881,0.81214,-0.0056068
1.4268,0.46626,0.81009,-0.0028272
1.3927,0.46461,0.80801,0
1.2691,0.46626,0.81009,0.0028272
1.0904,0.46881,0.81214,0.0056068
0.8972,0.47224,0.81414,0.0083057
0.71082,0.47661,0.81601,0.010832
0.55812,0.48193,0.81764,0.013011
0.46687,0.4882,0.81892,0.014716
0.4409,0.49541,0.81993,0.016047
0.45627,0.50365,0.82087,0.017273
0.48169,0.51299,0.82183,0.018516
0.5033,0.52345,0.82279,0.019749
0.52267,0.53502,0.82373,0.020945
0.54604,0.54768,0.82464,0.022081
0.58086,0.56138,0.82549,0.023139
0.62741,0.57609,0.82629,0.024108
0.66862,0.59172,0.82702,0.02498
0.68787,0.60822,0.82767,0.025748
0.6873,0.62548,0.82825,0.026399
0.67513,0.64341,0.82873,0.026915
0.6607,0.66191,0.82909,0.027276
0.65699,0.68085,0.82931,0.027455
0.68422,0.70012,0.82937,0.027427
0.76065,0.7196,0.82925,0.027172
0.84805,0.73916,0.82894,0.026682
0.89035,0.7587,0.82845,0.025958
0.90107,0.7781,0.82778,0.02502
0.90835,0.79726,0.82695,0.023896
0.9222,0.81609,0.82599,0.022625
0.93888,0.8345,0.82495,0.021248
0.95422,0.8524,0.82384,0.019804
0.96798,0.86971,0.82269,0.018326
0.98083,0.88636,0.82153,0.016838
0.99305,0.90229,0.82037,0.015355
1.0048,0.91743,0.8192,0.013887
1.0163,0.93174,0.81805,0.012437
1.0277,0.94518,0.81692,0.01101
1.0391,0.95776,0.81579,0.0096099
1.0505,0.96947,0.8147,0.0082439
1.0617,0.98035,0.81363,0.0069195
1.0723,0.99043,0.8126,0.005645
1.0825,0.99979,0.81161,0.0044265
1.0916,1.0085,0.81067,0.0032668
1.1008,1.0168,0.80977,0.0021576
1.1075,1.0246,0.80889,0.0010778
1.1198,1.0323,0.80801,0
0.91301,0.64975,0.90981,-0.02464
0.92328,0.63392,0.90909,-0.023906
0.93346,0.6189,0.90829,-0.023073
0.94388,0.60477,0.90741,-0.022146
0.95498,0.59159,0.90647,-0.021135
0.96696,0.5794,0.90548,-0.02005
0.97961,0.56825,0.90445,-0.018906
0.99274,0.55816,0.90339,-0.017727
1.0007,0.54914,0.90234,-0.016538
0.99293,0.54118,0.9013,-0.015366
0.98975,0.5342,0.90019,-0.014092
1.0367,0.52809,0.89878,-0.01246
1.1408,0.52286,0.897,-0.010375
1.2658,0.51852,0.89493,-0.0079565
1.3728,0.51508,0.89274,-0.0053719
1.4241,0.51247,0.89048,-0.0027092
1.3873,0.51072,0.8882,0
1.2652,0.51247,0.89048,0.0027092
1.0871,0.51508,0.89274,0.0053719
0.8932,0.51852,0.89493,0.0079565
0.70683,0.52286,0.897,0.010375
0.55442,0.52809,0.89878,0.01246
0.46326,0.5342,0.90019,0.014092
0.43694,0.54118,0.9013,0.015366
0.45177,0.54914,0.90234,0.016538
0.47689,0.55816,0.90339,0.017727
0.49798,0.56825,0.90445,0.018906
0.51458,0.5794,0.90548,0.02005
0.52947,0.59159,0.90647,0.021135
0.54815,0.60477,0.90741,0.022146
0.57808,0.6189,0.90829,0.023073
0.61917,0.63392,0.90909,0.023906
0.65305,0.64975,0.90981,0.02464
0.66576,0.66631,0.91044,0.025261
0.66596,0.6835,0.91097,0.025755
0.67176,0.70123,0.91136,0.026099
0.70186,0.71937,0.91161,0.02627
0.77084,0.73781,0.91167,0.026243
0.84891,0.75644,0.91155,0.025999
0.88876,0.77514,0.91121,0.025531
0.8977,0.7938,0.91066,0.024839
0.90084,0.81233,0.90992,0.023942
0.9115,0.83062,0.90901,0.022868
0.92761,0.84858,0.90796,0.021654
0.94367,0.86614,0.90681,0.020338
0.95799,0.88321,0.90559,0.018957
0.97129,0.89973,0.90433,0.017544
0.98382,0.91561,0.90306,0.016121
0.99564,0.9308,0.90178,0.014703
1.0069,0.94524,0.9005,0.013298
1.0181,0.95888,0.89923,0.01191
1.0291,0.97171,0.89798,0.010545
1.0403,0.98371,0.89675,0.0092047
1.0515,0.99487,0.89554,0.0078969
1.0625,1.0052,0.89437,0.0066288
1.0731,1.0149,0.89324,0.0054083
1.0833,1.0238,0.89215,0.0042412
1.0924,1.0321,0.89112,0.0031303
1.1017,1.04,0.89012,0.0020676
1.1085,1.0475,0.88916,0.0010329
1.1208,1.0548,0.88819,0
0.90426,0.68566,0.98084,-0.02368
0.91486,0.6704,0.98006,-0.022977
0.92558,0.65592,0.97919,-0.022177
0.93666,0.64228,0.97825,-0.021288
0.94845,0.62955,0.97724,-0.020317
0.9611,0.61778,0.97617,-0.019275
0.97437,0.60699,0.97505,-0.018177
0.98808,0.59722,0.97392,-0.017044
0.99653,0.58848,0.97278,-0.015902
0.98912,0.58076,0.97167,-0.014776
0.98676,0.57397,0.97047,-0.013552
1.0347,0.56801,0.96895,-0.011984
1.1394,0.56285,0.96702,-0.0099801
1.2647,0.55855,0.9648,-0.0076544
1.3715,0.55508,0.96243,-0.0051687
1.4211,0.55243,0.96,-0.0026071
1.3814,0.55059,0.95754,0
1.2623,0.55243,0.96,0.0026071
1.0852,0.55508,0.96243,0.0051687
0.89034,0.55855,0.9648,0.0076544
0.70392,0.56285,0.96702,0.0099801
0.55176,0.56801,0.96895,0.011984
0.4607,0.57397,0.97047,0.013552
0.4341,0.58076,0.97167,0.014776
0.4485,0.58848,0.97278,0.015902
0.47319,0.59722,0.97392,0.017044
0.49391,0.60699,0.97505,0.018177
0.51004,0.61778,0.97617,0.019275
0.52279,0.62955,0.97724,0.020317
0.53459,0.64228,0.97825,0.021288
0.55036,0.65592,0.97919,0.022177
0.57465,0.6704,0.98006,0.022977
0.60391,0.68566,0.98084,0.02368
0.63425,0.70161,0.98152,0.024277
0.67471,0.71817,0.98208,0.02475
0.7327,0.73522,0.98251,0.025081
0.80295,0.75267,0.98277,0.025244
0.86294,0.77039,0.98285,0.025218
0.89204,0.78829,0.98271,0.024985
0.89672,0.80624,0.98234,0.024535
0.89588,0.82415,0.98175,0.023871
0.90248,0.84192,0.98096,0.02301
0.91667,0.85945,0.97997,0.02198
0.93284,0.87667,0.97884,0.020814
0.9477,0.8935,0.9776,0.01955
0.96142,0.90985,0.97629,0.018225
0.9744,0.92567,0.97493,0.016868
0.9865,0.94089,0.97355,0.0155
0.99783,0.95544,0.97217,0.014138
1.0086,0.96928,0.9708,0.012788
1.0193,0.98235,0.96943,0.011455
1.03,0.99464,0.96808,0.010142
1.0409,1.0061,0.96675,0.0088542
1.0517,1.0168,0.96545,0.0075968
1.0626,1.0268,0.96419,0.0063775
1.073,1.036,0.96296,0.0052036
1.0831,1.0445,0.96179,0.0040809
1.0922,1.0525,0.96068,0.0030123
1.1015,1.06,0.95961,0.0019897
1.1084,1.0672,0.95857,0.00099408
1.1207,1.0742,0.95753,0
0.8925,0.71604,1.0409,-0.022868
0.90274,0.70127,1.0401,-0.02219
0.91366,0.68724,1.0392,-0.021418
0.92534,0.67402,1.0382,-0.020561
0.93795,0.66167,1.0371,-0.019624
0.95151,0.65024,1.036,-0.018619
0.96571,0.63976,1.0348,-0.017559
0.98026,0.63027,1.0336,-0.016466
0.98935,0.62176,1.0324,-0.015364
0.98244,0.61424,1.0312,-0.014277
0.98095,0.60762,1.0299,-0.013095
1.0301,0.60177,1.0283,-0.011581
1.1359,0.59669,1.0263,-0.0096452
1.2617,0.59241,1.0239,-0.0073985
1.3689,0.58893,1.0214,-0.0049966
1.4173,0.58623,1.0188,-0.0025206
1.3751,0.58431,1.0162,0
1.2591,0.58623,1.0188,0.0025206
1.0832,0.58893,1.0214,0.0049966
0.88763,0.59241,1.0239,0.0073985
0.70137,0.59669,1.0263,0.0096452
0.54939,0.60177,1.0283,0.011581
0.45838,0.60762,1.0299,0.013095
0.43148,0.61424,1.0312,0.014277
0.44537,0.62176,1.0324,0.015364
0.46936,0.63027,1.0336,0.016466
0.48924,0.63976,1.0348,0.017559
0.50477,0.65024,1.036,0.018619
0.51686,0.66167,1.0371,0.019624
0.52621,0.67402,1.0382,0.020561
0.53482,0.68724,1.0392,0.021418
0.5478,0.70127,1.0401,0.02219
0.57651,0.71604,1.0409,0.022868
0.63821,0.73148,1.0416,0.023443
0.74131,0.74749,1.0422,0.0239
0.83411,0.76397,1.0427,0.024218
0.88201,0.78083,1.043,0.024376
0.89777,0.79795,1.0431,0.02435
0.89657,0.81522,1.0429,0.024125
0.89274,0.83254,1.0425,0.023691
0.89585,0.84981,1.0419,0.023051
0.90718,0.86694,1.0411,0.022221
0.9224,0.88383,1.04,0.021227
0.93747,0.90042,1.0388,0.020102
0.95154,0.91663,1.0375,0.018883
0.96493,0.93238,1.0361,0.017604
0.97749,0.94761,1.0347,0.016294
0.98905,0.96226,1.0332,0.014975
0.99981,0.97628,1.0317,0.01366
1.0101,0.9896,1.0303,0.012356
1.0203,1.0022,1.0288,0.011069
1.0305,1.014,1.0274,0.0098014
1.0409,1.0251,1.026,0.0085572
1.0513,1.0354,1.0246,0.0073426
1.0618,1.045,1.0233,0.0061644
1.0719,1.0538,1.022,0.0050301
1.0818,1.0621,1.0207,0.0039452
1.0908,1.0697,1.0195,0.0029122
1.1,1.077,1.0184,0.0019237
1.1069,1.0839,1.0173,0.00096118
1.1191,1.0907,1.0162,0
0.87843,0.74115,1.0906,-0.022197
0.88659,0.72678,1.0897,-0.021539
0.8964,0.71312,1.0888,-0.020791
0.90791,0.70025,1.0877,-0.019959
0.92115,0.68822,1.0866,-0.019051
0.93586,0.67707,1.0854,-0.018076
0.95146,0.66685,1.0842,-0.017048
0.96745,0.65758,1.0829,-0.015988
0.97775,0.64927,1.0816,-0.014918
0.97173,0.64191,1.0804,-0.013864
0.97134,0.63543,1.0791,-0.012717
1.022,0.62968,1.0774,-0.011247
1.1293,0.62466,1.0752,-0.0093684
1.2565,0.62039,1.0728,-0.007187
1.3646,0.61691,1.0701,-0.0048543
1.413,0.61417,1.0674,-0.0024491
1.3695,0.6122,1.0647,0
1.2569,0.61417,1.0674,0.0024491
1.082,0.61691,1.0701,0.0048543
0.88588,0.62039,1.0728,0.007187
0.69971,0.62466,1.0752,0.0093684
0.54768,0.62968,1.0774,0.011247
0.45656,0.63543,1.0791,0.012717
0.42937,0.64191,1.0804,0.013864
0.44307,0.64927,1.0816,0.014918
0.46662,0.65758,1.0829,0.015988
0.48473,0.66685,1.0842,0.017048
0.49831,0.67707,1.0854,0.018076
0.50872,0.68822,1.0866,0.019051
0.51651,0.70025,1.0877,0.019959
0.52489,0.71312,1.0888,0.020791
0.54686,0.72678,1.0897,0.021539
0.60702,0.74115,1.0906,0.022197
0.73265,0.75616,1.0914,0.022754
0.85223,0.77172,1.092,0.023196
0.90019,0.78774,1.0925,0.023505
0.90642,0.80411,1.0928,0.023658
0.89844,0.82073,1.0928,0.023633
0.89169,0.83749,1.0927,0.023415
0.8922,0.85429,1.0923,0.022994
0.90049,0.87103,1.0916,0.022373
0.91358,0.88762,1.0907,0.021568
0.92787,0.90399,1.0896,0.020604
0.94176,0.92005,1.0884,0.019514
0.95517,0.93574,1.087,0.018331
0.96789,0.951,1.0855,0.017091
0.97962,0.96575,1.084,0.015821
0.99034,0.97993,1.0825,0.014541
1.0003,0.9935,1.081,0.013264
1.0099,1.0064,1.0794,0.011999
1.0194,1.0186,1.0779,0.01075
1.029,1.03,1.0764,0.0095196
1.0388,1.0408,1.0749,0.0083118
1.0489,1.0507,1.0735,0.0071324
1.059,1.06,1.0721,0.0059884
1.0688,1.0686,1.0707,0.0048867
1.0786,1.0765,1.0694,0.0038329
1.0875,1.084,1.0682,0.0028295
1.0967,1.091,1.067,0.0018692
1.1038,1.0977,1.0658,0.00093397
1.1163,1.1042,1.0647,0
0.86908,0.76143,1.1307,-0.021654
0.87232,0.74739,1.1298,-0.021014
0.87823,0.73403,1.1288,-0.020284
0.88701,0.72144,1.1277,-0.019474
0.89878,0.70966,1.1266,-0.018589
0.91313,0.69875,1.1253,-0.017638
0.92925,0.68874,1.124,-0.016636
0.94629,0.67965,1.1227,-0.015602
0.9577,0.67149,1.1214,-0.014559
0.95281,0.66427,1.1201,-0.01353
0.9543,0.6579,1.1188,-0.012412
1.0075,0.65223,1.117,-0.010978
1.1174,0.64725,1.1148,-0.0091449
1.2467,0.643,1.1122,-0.0070161
1.3566,0.63951,1.1095,-0.0047393
1.4059,0.63674,1.1067,-0.0023913
1.3621,0.63472,1.1039,0
1.2514,0.63674,1.1067,0.0023913
1.0772,0.63951,1.1095,0.0047393
0.88132,0.643,1.1122,0.0070161
0.69538,0.64725,1.1148,0.0091449
0.54332,0.65223,1.117,0.010978
0.45183,0.6579,1.1188,0.012412
0.42384,0.66427,1.1201,0.01353
0.43545,0.67149,1.1214,0.014559
0.45587,0.67965,1.1227,0.015602
0.47156,0.68874,1.124,0.016636
0.48385,0.69875,1.1253,0.017638
0.49448,0.70966,1.1266,0.018589
0.50713,0.72144,1.1277,0.019474
0.53402,0.73403,1.1288,0.020284
0.59572,0.74739,1.1298,0.021014
0.72104,0.76143,1.1307,0.021654
0.85125,0.7761,1.1315,0.022197
0.90604,0.7913,1.1322,0.022628
0.91038,0.80694,1.1327,0.022929
0.89792,0.82292,1.133,0.023078
0.8889,0.83913,1.133,0.023054
0.88792,0.85548,1.1329,0.022841
0.89404,0.87185,1.1325,0.02243
0.9049,0.88817,1.1318,0.021826
0.91797,0.90433,1.1309,0.021041
0.93156,0.92027,1.1297,0.020102
0.94503,0.93591,1.1284,0.019038
0.95805,0.95119,1.127,0.017886
0.9702,0.96604,1.1255,0.016677
0.98127,0.9804,1.1239,0.015438
0.99133,0.99421,1.1223,0.01419
1.0007,1.0074,1.1207,0.012945
1.0096,1.02,1.1191,0.011711
1.0183,1.0318,1.1176,0.010493
1.0272,1.043,1.116,0.009292
1.0362,1.0534,1.1145,0.0081135
1.0455,1.0631,1.113,0.0069626
1.0551,1.0721,1.1115,0.0058461
1.0645,1.0805,1.1101,0.0047709
1.074,1.0883,1.1088,0.0037422
1.0829,1.0955,1.1075,0.0027627
1.0922,1.1023,1.1063,0.0018251
1.0997,1.1089,1.1051,0.000912
1.113,1.1152,1.1039,0
0.86459,0.77751,1.1625,-0.021225
0.86035,0.76372,1.1616,-0.020597
0.85902,0.7506,1.1606,-0.019883
0.8617,0.73823,1.1594,-0.019089
0.86902,0.72666,1.1582,-0.018222
0.8808,0.71593,1.157,-0.017291
0.89619,0.70608,1.1557,-0.016309
0.91436,0.69713,1.1543,-0.015296
0.92827,0.6891,1.153,-0.014274
0.92678,0.68199,1.1516,-0.013266
0.93078,0.6757,1.1502,-0.01217
0.98685,0.6701,1.1484,-0.010765
1.1017,0.66515,1.1461,-0.0089677
1.235,0.66092,1.1435,-0.0068807
1.3467,0.65742,1.1407,-0.0046482
1.3973,0.65463,1.1378,-0.0023456
1.3558,0.65257,1.1349,0
1.2483,0.65463,1.1378,0.0023456
1.0769,0.65742,1.1407,0.0046482
0.88098,0.66092,1.1435,0.0068807
0.69294,0.66515,1.1461,0.0089677
0.53901,0.6701,1.1484,0.010765
0.44652,0.6757,1.1502,0.01217
0.4186,0.68199,1.1516,0.013266
0.43074,0.6891,1.153,0.014274
0.45071,0.69713,1.1543,0.015296
0.46776,0.70608,1.1557,0.016309
0.48664,0.71593,1.157,0.017291
0.51032,0.72666,1.1582,0.018222
0.54996,0.73823,1.1594,0.019089
0.62592,0.7506,1.1606,0.019883
0.73816,0.76372,1.1616,0.020597
0.84475,0.77751,1.1625,0.021225
0.90088,0.7919,1.1633,0.021756
0.90838,0.80682,1.164,0.022178
0.89543,0.82216,1.1645,0.022473
0.88557,0.83782,1.1648,0.022618
0.88499,0.85372,1.1649,0.022594
0.89064,0.86973,1.1647,0.022386
0.89977,0.88577,1.1643,0.021984
0.91091,0.90175,1.1636,0.021392
0.92307,0.91757,1.1627,0.020624
0.93547,0.93317,1.1615,0.019703
0.94757,0.94848,1.1602,0.018662
0.95896,0.96343,1.1587,0.017533
0.9693,0.97796,1.1571,0.016348
0.9786,0.992,1.1555,0.015135
0.98706,1.0055,1.1539,0.013911
0.99503,1.0184,1.1522,0.012692
1.0029,1.0307,1.1506,0.011483
1.0109,1.0423,1.149,0.010288
1.0191,1.0532,1.1474,0.0091116
1.0276,1.0634,1.1458,0.0079563
1.0364,1.0729,1.1443,0.0068281
1.0456,1.0818,1.1428,0.0057334
1.0547,1.0899,1.1413,0.0046791
1.0641,1.0975,1.14,0.0036704
1.0731,1.1046,1.1386,0.0027098
1.0829,1.1113,1.1374,0.0017902
1.091,1.1177,1.1361,0.00089459
1.1069,1.1239,1.1349,0
0.87763,0.79016,1.1875,-0.020886
0.86879,0.77657,1.1866,-0.020269
0.86144,0.76365,1.1856,-0.019567
0.85714,0.75145,1.1844,-0.018786
0.85668,0.74004,1.1832,-0.017933
0.85974,0.72945,1.1819,-0.017017
0.86565,0.71973,1.1805,-0.016052
0.87399,0.7109,1.1792,-0.015055
0.87835,0.70297,1.1778,-0.01405
0.86984,0.69594,1.1764,-0.013058
0.87296,0.68972,1.175,-0.011979
0.93188,0.68416,1.1731,-0.010597
1.0513,0.67925,1.1708,-0.0088282
1.1898,0.67502,1.1681,-0.0067741
1.3118,0.67152,1.1653,-0.0045765
1.3707,0.66871,1.1623,-0.0023095
1.3341,0.66662,1.1593,0
1.2272,0.66871,1.1623,0.0023095
1.0513,0.67152,1.1653,0.0045765
0.85044,0.67502,1.1681,0.0067741
0.66248,0.67925,1.1708,0.0088282
0.50965,0.68416,1.1731,0.010597
0.41898,0.68972,1.175,0.011979
0.39003,0.69594,1.1764,0.013058
0.4003,0.70297,1.1778,0.01405
0.42492,0.7109,1.1792,0.015055
0.45425,0.71973,1.1805,0.016052
0.49081,0.72945,1.1819,0.017017
0.53922,0.74004,1.1832,0.017933
0.61174,0.75145,1.1844,0.018786
0.71276,0.76365,1.1856,0.019567
0.80627,0.77657,1.1866,0.020269
0.86108,0.79016,1.1875,0.020886
0.8788,0.80434,1.1884,0.021409
0.87325,0.81903,1.1891,0.021824
0.86441,0.83414,1.1896,0.022113
0.86207,0.84956,1.1899,0.022256
0.86601,0.8652,1.19,0.022233
0.87348,0.88095,1.1898,0.022028
0.88331,0.89673,1.1894,0.021633
0.8953,0.91244,1.1887,0.02105
0.909,0.928,1.1877,0.020295
0.92344,0.94333,1.1865,0.01939
0.93772,0.95837,1.1851,0.018365
0.95125,0.97306,1.1836,0.017255
0.96361,0.98734,1.182,0.01609
0.97472,1.0011,1.1804,0.014896
0.9847,1.0144,1.1787,0.013693
0.99389,1.0271,1.1771,0.012493
1.0025,1.0392,1.1754,0.011303
1.0104,1.0506,1.1737,0.010128
1.0177,1.0613,1.1721,0.0089696
1.025,1.0713,1.1705,0.0078326
1.0324,1.0807,1.1689,0.0067221
1.0398,1.0893,1.1674,0.0056447
1.0471,1.0974,1.1659,0.0046068
1.0545,1.1048,1.1645,0.0036138
1.0615,1.1118,1.1631,0.0026681
1.069,1.1184,1.1619,0.0017627
1.0754,1.1246,1.1606,0.00088088
1.0889,1.1308,1.1593,0
0.86448,0.8,1.207,-0.016892
0.85076,0.78664,1.2062,-0.016751
0.83517,0.77392,1.2052,-0.016562
0.82047,0.76193,1.2042,-0.016316
0.8095,0.7507,1.2031,-0.016001
0.80418,0.74028,1.2018,-0.015605
0.80598,0.7307,1.2005,-0.01511
0.81499,0.72198,1.1992,-0.014502
0.82646,0.71415,1.1978,-0.013765
0.8372,0.70719,1.1964,-0.01289
0.8679,0.70102,1.195,-0.011826
0.94957,0.69551,1.1931,-0.010461
1.0787,0.69062,1.1907,-0.0087157
1.2106,0.6864,1.188,-0.0066881
1.342,0.68289,1.1851,-0.0045187
1.3941,0.68007,1.1821,-0.0022805
1.3583,0.67795,1.179,0
1.2275,0.68007,1.1821,0.0022805
1.0905,0.68289,1.1851,0.0045187
0.91468,0.6864,1.188,0.0066881
0.74412,0.69062,1.1907,0.0087157
0.58819,0.69551,1.1931,0.010461
0.49381,0.70102,1.195,0.011826
0.47036,0.70719,1.1964,0.01289
0.49177,0.71415,1.1978,0.013765
0.53099,0.72198,1.1992,0.014502
0.57385,0.7307,1.2005,0.01511
0.61994,0.74028,1.2018,0.015605
0.6673,0.7507,1.2031,0.016001
0.7151,0.76193,1.2042,0.016316
0.76256,0.77392,1.2052,0.016562
0.8023,0.78664,1.2062,0.016751
0.82752,0.8,1.207,0.016892
0.83974,0.81396,1.2077,0.016992
0.84446,0.82842,1.2083,0.017053
0.8472,0.84331,1.2088,0.017078
0.84997,0.85852,1.209,0.017065
0.8531,0.87396,1.2091,0.017013
0.85693,0.88953,1.209,0.016921
0.86202,0.90513,1.2086,0.016784
0.86869,0.92068,1.208,0.016598
0.87663,0.93609,1.2071,0.016359
0.88523,0.95129,1.2061,0.01606
0.89386,0.96619,1.2049,0.015692
0.90216,0.98073,1.2035,0.015246
0.90991,0.99485,1.202,0.014708
0.91733,1.0085,1.2004,0.014058
0.92503,1.0216,1.1988,0.01327
0.93428,1.0341,1.1971,0.012306
0.94692,1.046,1.1954,0.011158
0.961,1.0573,1.1937,0.009998
0.97401,1.0678,1.192,0.008855
0.9866,1.0777,1.1904,0.0077328
0.99849,1.0869,1.1888,0.0066367
1.0095,1.0954,1.1872,0.0055731
1.0193,1.1034,1.1857,0.0045486
1.0281,1.1107,1.1843,0.0035682
1.0356,1.1176,1.1829,0.0026345
1.0422,1.1241,1.1816,0.0017406
1.0473,1.1302,1.1803,0.00086983
1.0615,1.1363,1.179,0
0.84041,0.80392,1.2148,0
0.81783,0.79073,1.2141,0
0.79498,0.77821,1.2135,0
0.77852,0.76643,1.2127,0
0.77123,0.75544,1.2119,0
0.76946,0.74528,1.211,0
0.76374,0.73598,1.2102,0
0.73944,0.72756,1.2093,0
0.67562,0.72004,1.2084,0
0.58946,0.71339,1.2075,0
0.53965,0.70756,1.2065,0
0.56271,0.70246,1.2053,0
0.64735,0.69807,1.2038,0
0.77385,0.69443,1.202,0
0.95371,0.69153,1.2001,0
1.216,0.68933,1.1982,0
1.5983,0.68783,1.1962,0
0.85637,0.81772,1.2153,0
0.86434,0.83204,1.2158,0
0.8676,0.84681,1.2161,0
0.86981,0.86191,1.2163,0
0.87302,0.87727,1.2164,0
0.87767,0.89278,1.2163,0
0.88389,0.90835,1.216,0
0.89133,0.92389,1.2155,0
0.89965,0.93931,1.2149,0
0.90858,0.95453,1.2141,0
0.91789,0.96948,1.2132,0
0.92738,0.98409,1.2122,0
0.937,0.9983,1.2111,0
0.94694,1.012,1.2101,0
0.95742,1.0253,1.209,0
0.9684,1.0379,1.2079,0
0.97879,1.0499,1.2068,0
0.98702,1.0613,1.2057,0
0.99385,1.0719,1.2046,0
1.0007,1.0819,1.2036,0
1.0076,1.0912,1.2025,0
1.0145,1.0998,1.2015,0
1.0206,1.1078,1.2006,0
1.0261,1.1153,1.1996,0
1.0293,1.1222,1.1987,0
1.032,1.1287,1.1979,0
1.021,1.135,1.1971,0
0.95868,1.1411,1.1962,0
