"Time_Iter","Outer_Iter","Inner_Iter",   "rms[A_Rho]"   ,   "rms[A_RhoU]"  ,   "rms[A_RhoV]"  ,    "rms[A_E]"    
          0,           0,           0,      -4.287992442,      -4.032228346,      -4.498403176,      -3.974017804
          0,           0,           1,      -3.860282595,      -3.752762279,      -3.730039948,      -4.203299494
          0,           0,           2,      -3.577217854,      -3.482771077,      -3.610669741,      -4.052702956
          0,           0,           3,      -3.567901349,      -3.436163165,      -3.691458629,      -4.058467967
          0,           0,           4,      -3.488228986,      -3.313999679,      -3.658969007,      -3.995479569
          0,           0,           5,      -3.504733865,      -3.298198336,      -3.697455221,      -4.000057287
          0,           0,           6,      -3.511542629,      -3.286556197,      -3.714552377,      -3.967785127
          0,           0,           7,      -3.532976486,      -3.291018883,      -3.721593922,      -3.946830837
          0,           0,           8,      -3.562851873,      -3.312097134,      -3.750355698,      -3.969829087
          0,           0,           9,      -3.592261474,      -3.344410033,      -3.780100958,      -4.006483411
          0,           0,          10,      -3.619508516,      -3.383774525,      -3.809550599,      -4.038778779
          0,           0,          11,      -3.644895469,      -3.427902742,      -3.836863424,      -4.071720685
          0,           0,          12,       -3.66642837,      -3.472205782,      -3.855456944,      -4.106074951
          0,           0,          13,      -3.679412126,      -3.504240305,      -3.864163678,      -4.130758463
          0,           0,          14,      -3.677298936,      -3.511651104,      -3.865335319,      -4.138572139
          0,           0,          15,      -3.660762881,      -3.495135433,      -3.862163297,      -4.133227729
          0,           0,          16,      -3.638857661,      -3.467026986,      -3.859515385,      -4.122021554
          0,           0,          17,      -3.620521371,      -3.439766707,      -3.862355052,      -4.111720781
          0,           0,          18,      -3.611105549,      -3.420561248,      -3.873463599,      -4.107556943
          0,           0,          19,      -3.613139418,      -3.412296336,       -3.89245957,      -4.112489069
          0,           0,          20,      -3.627107181,      -3.415414251,      -3.916204115,      -4.127219547
          0,           0,          21,      -3.651801373,      -3.429132842,      -3.940351408,      -4.150805044
          0,           0,          22,      -3.684554031,       -3.45209957,      -3.961527463,      -4.181355358
          0,           0,          23,      -3.721316158,      -3.482504465,      -3.979474965,       -4.21691797
          0,           0,          24,       -3.75325049,      -3.515123578,      -3.989435294,       -4.24532322
          0,           0,          25,      -3.784338763,      -3.553782903,      -4.002650371,      -4.282138886
          0,           0,          26,      -3.812522644,      -3.594768365,      -4.028997573,      -4.320395943
          0,           0,          27,       -3.84131777,       -3.63902715,      -4.057733565,      -4.361074198
          0,           0,          28,       -3.86847588,      -3.680976143,      -4.095055509,        -4.4041385
          0,           0,          29,      -3.895736202,      -3.717325533,      -4.143756678,      -4.445769913
          0,           0,          30,      -3.924688266,      -3.747465637,      -4.196870046,      -4.484843718
          0,           0,          31,      -3.955273003,       -3.77129508,      -4.249886148,      -4.519264695
          0,           0,          32,      -3.988666124,      -3.791926734,      -4.298716164,      -4.548571178
          0,           0,          33,      -4.025735987,      -3.813650347,      -4.337582915,      -4.574507079
          0,           0,          34,      -4.066360788,      -3.839630393,      -4.366022212,      -4.600087962
          0,           0,          35,      -4.101589836,      -3.865012653,      -4.373550748,       -4.60898189
          0,           0,          36,      -4.140683977,      -3.901239005,       -4.39137374,      -4.644382956
          0,           0,          37,      -4.180808374,      -3.944202446,      -4.418180609,      -4.677906293
          0,           0,          38,      -4.220066555,      -3.995211683,      -4.444139003,      -4.719569432
          0,           0,          39,       -4.25333776,      -4.045879206,      -4.482320305,      -4.767722757
          0,           0,          40,      -4.283032194,      -4.090619796,      -4.531792352,      -4.812786102
          0,           0,          41,      -4.310173079,      -4.125707006,       -4.58525639,      -4.853965118
          0,           0,          42,       -4.33656485,      -4.149861502,      -4.642555926,      -4.888582824
          0,           0,          43,      -4.366500031,      -4.168018464,      -4.699187821,      -4.916526281
          0,           0,          44,      -4.402940114,       -4.18682338,      -4.746792862,      -4.942369976
          0,           0,          45,      -4.435565468,      -4.200817202,       -4.75627399,      -4.941552989
          0,           0,          46,      -4.476779098,      -4.228129639,      -4.770194316,      -4.971857211
          0,           0,          47,      -4.519923779,      -4.262515139,      -4.788215241,      -4.998850698
          0,           0,          48,      -4.566397678,      -4.309552849,      -4.801891049,      -5.034955976
          0,           0,          49,      -4.609860097,      -4.363493933,      -4.825225714,      -5.082396809
          0,           0,          50,      -4.648074466,      -4.417507383,      -4.862737584,      -5.129830645
          0,           0,          51,      -4.680042698,      -4.465816331,      -4.910951777,      -5.176148135
          0,           0,          52,      -4.707648963,      -4.503435133,      -4.968515053,      -5.218349271
          0,           0,          53,      -4.736193387,      -4.531001702,      -5.031177857,      -5.254286925
          0,           0,          54,      -4.769694238,        -4.5537584,      -5.090780671,      -5.285861251
          0,           0,          55,      -4.809849055,      -4.577500596,      -5.140509029,       -5.31763524
          0,           0,          56,      -4.845143231,      -4.596815826,      -5.146800664,      -5.323856243
          0,           0,          57,      -4.886638708,      -4.627724422,      -5.156709142,      -5.358907609
          0,           0,          58,      -4.925831091,      -4.665108898,      -5.172877806,      -5.393993794
          0,           0,          59,       -4.96475931,      -4.712680636,      -5.183623541,      -5.435550813
          0,           0,          60,       -4.99716654,      -4.761684454,      -5.202911541,      -5.481991445
          0,           0,          61,      -5.021417245,      -4.803165118,      -5.235955129,      -5.524089234
          0,           0,          62,      -5.038984156,      -4.831432757,      -5.277807334,      -5.559279338
          0,           0,          63,      -5.054920168,      -4.846210846,      -5.325223931,      -5.585029698
          0,           0,          64,      -5.075005762,      -4.854197821,      -5.373416174,       -5.60435076
          0,           0,          65,      -5.102271519,      -4.862991251,      -5.417509389,       -5.62326508
          0,           0,          66,      -5.137913233,        -4.8776143,      -5.456884756,      -5.648570646
          0,           0,          67,      -5.171542478,      -4.893228177,      -5.456594253,      -5.647372492
          0,           0,          68,      -5.211621385,      -4.920837832,       -5.46595826,      -5.676261901
          0,           0,          69,      -5.253779045,        -4.9570921,      -5.480929277,      -5.708537866
          0,           0,          70,      -5.298634182,      -5.004717489,      -5.489841055,      -5.748874518
          0,           0,          71,      -5.336736986,      -5.055774647,      -5.506930603,      -5.794642605
          0,           0,          72,      -5.364109972,      -5.101771961,      -5.535501072,      -5.838402697
          0,           0,          73,      -5.379918791,       -5.13473092,      -5.570912464,      -5.874822697
          0,           0,          74,      -5.388336488,      -5.150654445,       -5.61153529,      -5.899085037
          0,           0,          75,      -5.396128054,      -5.154223766,      -5.654428983,      -5.913500285
          0,           0,          76,      -5.407939238,      -5.153418614,      -5.696243238,      -5.923076798
          0,           0,          77,      -5.426591582,      -5.154920813,      -5.734232715,      -5.932399881
          0,           0,          78,      -5.453636316,       -5.16301978,      -5.765519509,      -5.947143722
          0,           0,          79,       -5.47995591,      -5.173077314,      -5.766782258,      -5.950761484
          0,           0,          80,       -5.51178882,      -5.193944029,      -5.762451896,      -5.959861648
          0,           0,          81,      -5.549726514,      -5.224760342,      -5.775250952,      -5.985760876
          0,           0,          82,       -5.59913469,      -5.269840471,      -5.789857095,      -6.022909123
          0,           0,          83,      -5.652474507,      -5.325546022,       -5.81060034,      -6.072389284
          0,           0,          84,      -5.701350285,      -5.384538573,      -5.845568341,      -6.123630305
          0,           0,          85,      -5.743527998,      -5.442754481,      -5.890406483,      -6.176252878
          0,           0,          86,      -5.776200658,      -5.494455224,      -5.942029595,      -6.227640502
          0,           0,          87,      -5.800831412,      -5.534497365,      -6.001178831,      -6.272722425
          0,           0,          88,      -5.822706027,      -5.563541921,      -6.064274961,      -6.310520613
          0,           0,          89,      -5.846065559,      -5.586189677,      -6.124710478,      -6.342225335
          0,           0,          90,       -5.87347294,      -5.607964595,      -6.175712306,       -6.36995736
          0,           0,          91,      -5.906214429,       -5.63369527,      -6.212415049,      -6.397598186
          0,           0,          92,       -5.94397131,      -5.666163401,      -6.235769073,      -6.429730841
          0,           0,          93,       -5.97586562,      -5.699790728,       -6.22829526,       -6.44690056
          0,           0,          94,      -6.005678987,       -5.73864037,      -6.234637371,      -6.481678546
          0,           0,          95,      -6.033908453,      -5.781153322,      -6.254906506,      -6.519529792
          0,           0,          96,      -6.058814067,      -5.824451369,      -6.276330674,      -6.561787995
          0,           0,          97,      -6.078514817,      -5.859882194,      -6.307785286,      -6.601760053
          0,           0,          98,      -6.096689196,      -5.885130209,      -6.349943853,       -6.63465618
          0,           0,          99,      -6.115303048,      -5.901785665,      -6.397143797,      -6.661463124
          0,           0,         100,      -6.137468223,      -5.914644491,      -6.447401369,      -6.684685594
          0,           0,         101,      -6.165303365,      -5.928952061,      -6.493666726,      -6.708918638
          0,           0,         102,      -6.187513979,       -5.93967598,      -6.497395814,      -6.705996912
          0,           0,         103,      -6.211757579,      -5.957726002,      -6.501845269,      -6.724618665
          0,           0,         104,       -6.23671696,      -5.982260389,      -6.508848095,      -6.746594376
          0,           0,         105,      -6.265496082,      -6.016800427,      -6.508940616,      -6.775633366
          0,           0,         106,      -6.290434667,      -6.053541572,      -6.514151453,      -6.809403982
          0,           0,         107,      -6.308308874,      -6.084403721,      -6.529250791,      -6.840385703
          0,           0,         108,      -6.318532884,      -6.103286112,      -6.551250852,      -6.863658218
          0,           0,         109,      -6.322942892,      -6.107509467,      -6.579160624,      -6.875173678
          0,           0,         110,      -6.326365313,      -6.101555832,      -6.611246218,       -6.87774238
          0,           0,         111,      -6.333043924,      -6.092632907,      -6.644703634,      -6.876660974
          0,           0,         112,      -6.345685471,      -6.086487127,      -6.676878091,      -6.876210298
          0,           0,         113,      -6.366392763,      -6.087164272,       -6.70554645,      -6.881347757
          0,           0,         114,      -6.396932465,      -6.097230644,      -6.736414468,      -6.904883252
          0,           0,         115,      -6.425660992,      -6.109318705,       -6.72573628,      -6.887803131
          0,           0,         116,      -6.463653449,       -6.13425319,      -6.730964955,      -6.911611416
          0,           0,         117,       -6.50682403,      -6.167360826,      -6.744989094,      -6.939856651
          0,           0,         118,      -6.557166373,      -6.211446942,      -6.758886938,      -6.976776004
          0,           0,         119,      -6.609341852,      -6.263063161,      -6.782784434,       -7.02252411
          0,           0,         120,      -6.659419997,      -6.318790991,      -6.817906202,      -7.073661205
          0,           0,         121,      -6.703018096,      -6.374655648,      -6.862254639,      -7.126970208
          0,           0,         122,      -6.738239681,        -6.4259448,      -6.915619187,      -7.177954506
          0,           0,         123,      -6.767620099,      -6.470143305,      -6.974736942,      -7.225041404
          0,           0,         124,       -6.79463534,      -6.507279573,      -7.036020652,       -7.26781578
          0,           0,         125,      -6.822439561,      -6.539640654,      -7.096060242,       -7.30569167
          0,           0,         126,      -6.853588883,      -6.571233578,      -7.149074471,      -7.340266529
          0,           0,         127,      -6.889328564,      -6.606082709,      -7.189061323,      -7.375320784
          0,           0,         128,      -6.926143134,      -6.644353761,      -7.206677925,      -7.409494674
          0,           0,         129,      -6.954512967,      -6.681561021,        -7.2027778,      -7.429588697
          0,           0,         130,      -6.980854604,       -6.72284552,      -7.214331629,      -7.468009448
          0,           0,         131,      -7.004172009,      -6.765563298,      -7.232601684,      -7.508008464
          0,           0,         132,      -7.021670209,      -6.802877892,      -7.251901797,      -7.547874441
          0,           0,         133,      -7.034119493,      -6.827222852,      -7.280355843,      -7.579831186
          0,           0,         134,      -7.045054107,      -6.838624226,      -7.314854265,      -7.601623412
          0,           0,         135,      -7.056070123,      -6.840440475,      -7.351354465,       -7.61398855
          0,           0,         136,      -7.070796972,      -6.839550211,      -7.389381118,      -7.621333695
          0,           0,         137,      -7.092293134,      -6.842644291,      -7.424865096,      -7.630796237
          0,           0,         138,      -7.121099844,      -6.852891075,      -7.455148626,      -7.647532075
          0,           0,         139,      -7.145996581,      -6.864071969,      -7.446726882,      -7.645805742
          0,           0,         140,      -7.173143256,       -6.88341916,      -7.444676026,      -7.659180425
          0,           0,         141,      -7.201544987,      -6.909458841,      -7.455414398,      -7.679733874
          0,           0,         142,      -7.237493104,      -6.947340442,      -7.464711739,      -7.712475866
          0,           0,         143,      -7.274922936,      -6.992160523,      -7.480076287,      -7.754873758
          0,           0,         144,      -7.308801091,      -7.036837734,      -7.507610036,       -7.79785691
          0,           0,         145,      -7.337830793,       -7.07659041,      -7.545074658,       -7.83868926
          0,           0,         146,      -7.361816968,      -7.107346528,      -7.589366762,      -7.873869972
          0,           0,         147,      -7.383047158,      -7.128163388,      -7.638861345,      -7.901914773
          0,           0,         148,      -7.404860337,      -7.142104754,      -7.691383538,       -7.92523674
          0,           0,         149,      -7.429177153,      -7.153022141,      -7.743615001,      -7.947241695
          0,           0,         150,      -7.448416421,      -7.157674811,      -7.769308932,      -7.948317344
          0,           0,         151,      -7.470345794,      -7.167315562,       -7.78055302,       -7.94984664
          0,           0,         152,      -7.498165454,      -7.184694281,       -7.79119995,      -7.964451398
          0,           0,         153,      -7.537635694,      -7.214481053,      -7.801672651,      -7.987722185
          0,           0,         154,      -7.587356492,       -7.25645788,      -7.814013613,      -8.022311056
          0,           0,         155,      -7.641713367,      -7.306537064,      -7.837683154,      -8.063106419
          0,           0,         156,      -7.698335965,      -7.363377392,      -7.872001729,      -8.110903239
          0,           0,         157,      -7.754562426,      -7.425645838,       -7.91451354,      -8.164981519
          0,           0,         158,      -7.807692191,      -7.490282888,      -7.966341692,      -8.221733876
          0,           0,         159,      -7.857728048,      -7.554599231,      -8.026880797,      -8.279805526
          0,           0,         160,      -7.905685225,      -7.616559411,       -8.09404926,      -8.338430603
          0,           0,         161,      -7.952531162,       -7.67482865,      -8.164913074,      -8.395164792
          0,           0,         162,      -7.999155619,      -7.729901118,      -8.233449704,      -8.448028588
          0,           0,         163,      -8.045488861,      -7.783940311,      -8.290985167,      -8.497133615
          0,           0,         164,      -8.089427552,      -7.838795251,      -8.332621724,        -8.5438818
          0,           0,         165,      -8.126916126,      -7.894466475,      -8.359472432,      -8.590650276
          0,           0,         166,      -8.155288426,         -7.947448,      -8.380969301,      -8.632076696
          0,           0,         167,      -8.170979285,      -7.988965122,      -8.397793753,      -8.672893708
          0,           0,         168,      -8.177812856,      -8.011091053,      -8.422387954,      -8.702217022
          0,           0,         169,      -8.180608721,      -8.015135655,      -8.449535345,      -8.722915872
          0,           0,         170,      -8.183785533,      -8.007282665,      -8.479795997,      -8.737325949
          0,           0,         171,      -8.191144594,      -7.996429475,      -8.510680908,      -8.747192368
          0,           0,         172,      -8.198932315,      -7.985009304,      -8.522258457,      -8.748603238
          0,           0,         173,      -8.203866668,      -7.975575062,      -8.516191658,      -8.734532224
          0,           0,         174,      -8.216481036,      -7.979052217,      -8.516113844,      -8.739970994
          0,           0,         175,       -8.23817515,       -7.99611801,      -8.522103702,      -8.756750201
          0,           0,         176,       -8.26979621,      -8.027827542,      -8.526618605,      -8.785139571
          0,           0,         177,      -8.302658698,      -8.066414279,      -8.536143348,      -8.820701895
          0,           0,         178,      -8.330362327,       -8.10353321,      -8.553239938,      -8.856750734
          0,           0,         179,      -8.349363554,      -8.131516864,      -8.574252137,      -8.887017097
          0,           0,         180,       -8.35819711,      -8.143133584,      -8.598288902,      -8.904157034
          0,           0,         181,      -8.359822452,      -8.138185276,      -8.624866281,      -8.907370132
          0,           0,         182,      -8.359066508,      -8.123215237,      -8.651821509,      -8.900989482
          0,           0,         183,      -8.360050452,       -8.10584603,      -8.676415096,      -8.890056675
          0,           0,         184,      -8.365758454,      -8.091827943,      -8.696164736,      -8.879503064
          0,           0,         185,      -8.378173961,       -8.08469645,      -8.710120796,      -8.873807287
          0,           0,         186,      -8.398709055,      -8.086431106,      -8.720650896,      -8.877699331
          0,           0,         187,      -8.426898115,       -8.09690345,      -8.736299488,      -8.901683269
          0,           0,         188,      -8.452889328,      -8.110073434,       -8.71934048,      -8.883962156
          0,           0,         189,      -8.486668206,      -8.133735997,      -8.728249547,      -8.906045582
          0,           0,         190,      -8.524875398,      -8.163581011,      -8.743985251,      -8.930843191
          0,           0,         191,      -8.569089398,      -8.201774267,      -8.762757192,      -8.963751608
          0,           0,         192,      -8.616777836,      -8.245981195,      -8.791231369,      -9.004813288
          0,           0,         193,      -8.663991401,      -8.293223261,      -8.829913528,      -9.050082989
          0,           0,         194,      -8.707118388,      -8.340871311,      -8.877089911,      -9.097308786
          0,           0,         195,      -8.744136951,      -8.386697015,      -8.929730676,      -9.144872899
          0,           0,         196,      -8.774215952,      -8.428876678,       -8.98500017,      -9.191797075
          0,           0,         197,      -8.797349588,      -8.466054102,      -9.040884796,      -9.236671025
          0,           0,         198,      -8.814636693,      -8.497808393,      -9.094273812,      -9.277910934
          0,           0,         199,      -8.827713512,       -8.52467826,      -9.139931703,      -9.314773643
          0,           0,         200,      -8.837564397,      -8.547279775,      -9.172189229,      -9.346626903
          0,           0,         201,      -8.843753668,      -8.565280595,      -9.191114207,      -9.371529785
          0,           0,         202,      -8.846282522,      -8.578430755,      -9.204394681,      -9.389400108
          0,           0,         203,      -8.847432988,      -8.588126315,       -9.21707046,      -9.403944097
          0,           0,         204,       -8.84986839,      -8.596254769,       -9.22993814,      -9.417968368
          0,           0,         205,        -8.8557243,      -8.604542804,      -9.243019437,      -9.432558838
          0,           0,         206,      -8.866551046,      -8.614594411,      -9.256585021,       -9.44831725
          0,           0,         207,      -8.883040625,       -8.62762469,      -9.270886775,       -9.46547928
          0,           0,         208,      -8.905124323,      -8.644338025,      -9.286105294,      -9.483929616
          0,           0,         209,      -8.932046714,      -8.664941233,      -9.301597766,      -9.503130912
          0,           0,         210,      -8.962722561,      -8.689475265,      -9.316073318,      -9.523246777
          0,           0,         211,      -8.996626825,      -8.718246914,      -9.330894577,      -9.546551996
          0,           0,         212,      -9.033942214,      -8.751712188,       -9.34772833,       -9.57400349
          0,           0,         213,      -9.075282264,      -8.790598341,      -9.366512868,       -9.60627673
          0,           0,         214,      -9.120593544,      -8.835141272,      -9.387985698,      -9.644089452
          0,           0,         215,       -9.16856135,      -8.884405521,      -9.413563598,      -9.686237257
          0,           0,         216,      -9.217099091,      -8.936426716,       -9.44421671,       -9.73022535
          0,           0,         217,      -9.264015152,      -8.988556549,      -9.479749662,      -9.773551111
          0,           0,         218,       -9.30723715,       -9.03755458,      -9.518599931,      -9.813866946
          0,           0,         219,      -9.344424487,       -9.07948586,      -9.557554047,      -9.847311753
          0,           0,         220,      -9.374481233,       -9.11191408,      -9.592586194,      -9.869360904
          0,           0,         221,      -9.402274179,      -9.138636348,       -9.62550752,      -9.888014538
          0,           0,         222,      -9.429474478,      -9.161431811,       -9.66056709,      -9.905809906
          0,           0,         223,      -9.457248092,      -9.182609902,      -9.696265886,      -9.922066102
          0,           0,         224,       -9.48528339,      -9.203695502,      -9.729347323,      -9.939510328
          0,           0,         225,      -9.511853249,      -9.224601383,      -9.760283015,      -9.957632652
          0,           0,         226,      -9.536611343,      -9.245953531,      -9.789052792,      -9.976905721
          0,           0,         227,      -9.559864118,      -9.268567901,      -9.816086382,      -9.998559251
          0,           0,         228,      -9.582110429,      -9.292846635,      -9.842966872,      -10.02283931
          0,           0,         229,      -9.604129128,       -9.31896069,      -9.871048636,      -10.04945223
          0,           0,         230,      -9.626673911,      -9.347003121,      -9.900783808,      -10.07808922
          0,           0,         231,      -9.650269643,      -9.377032828,      -9.931954377,      -10.10847667
          0,           0,         232,      -9.675233496,      -9.409117459,      -9.963915124,      -10.14034886
          0,           0,         233,      -9.701684847,      -9.443323045,      -9.995763882,      -10.17347464
          0,           0,         234,      -9.729490127,      -9.479602711,      -10.02662246,      -10.20763562
          0,           0,         235,       -9.75820637,      -9.517604233,      -10.05594651,      -10.24251065
          0,           0,         236,      -9.787068465,      -9.556448721,      -10.08361675,      -10.27750957
          0,           0,         237,       -9.81503432,       -9.59455164,      -10.10976174,      -10.31163346
          0,           0,         238,      -9.840899631,      -9.629615792,      -10.13446677,      -10.34344596
          0,           0,         239,      -9.863501391,       -9.65899979,      -10.15751121,      -10.37126778
          0,           0,         240,      -9.882018749,      -9.680569587,      -10.17831866,      -10.39366471
          0,           0,         241,      -9.896312188,      -9.693710835,      -10.19627712,      -10.41009077
          0,           0,         242,      -9.907108425,      -9.699754051,      -10.21120763,      -10.42126889
          0,           0,         243,      -9.915822621,      -9.701395427,      -10.22350732,      -10.42895936
          0,           0,         244,      -9.924065295,        -9.7015863,      -10.23390217,      -10.43530465
          0,           0,         245,      -9.933117689,      -9.702644202,       -10.2432102,        -10.442205
          0,           0,         246,      -9.943614339,      -9.705880251,      -10.25229699,      -10.45093851
          0,           0,         247,      -9.955500492,       -9.71162569,      -10.26202702,      -10.46202445
          0,           0,         248,      -9.968210329,      -9.719456033,       -10.2731055,      -10.47527849
          0,           0,         249,      -9.980956782,      -9.728478901,      -10.28595609,      -10.48999719
          0,           0,         250,      -9.993012922,      -9.737619321,       -10.3007326,      -10.50519438
          0,           0,         251,       -10.0039124,      -9.745881686,      -10.31738373,      -10.51983136
          0,           0,         252,      -10.01355449,      -9.752581611,      -10.33566378,      -10.53302738
          0,           0,         253,      -10.02221268,      -9.757509419,       -10.3550914,       -10.5442482
          0,           0,         254,      -10.03045234,      -9.760965137,       -10.3749511,      -10.55343537
          0,           0,         255,      -10.03899471,      -9.763650599,      -10.39441282,      -10.56102557
          0,           0,         256,      -10.04858162,      -9.766476638,      -10.41276051,      -10.56785422
          0,           0,         257,      -10.05987055,      -9.770363276,      -10.42965042,       -10.5749739
          0,           0,         258,      -10.07333527,      -9.776067608,      -10.44527064,      -10.58337836
          0,           0,         259,      -10.08910645,      -9.784030905,      -10.46018717,      -10.59355934
          0,           0,         260,       -10.1067938,      -9.794300465,      -10.47468091,      -10.60513711
          0,           0,         261,      -10.12561715,      -9.806681331,      -10.48830014,      -10.61750601
          0,           0,         262,      -10.14488149,      -9.820972342,      -10.50085016,      -10.63093466
          0,           0,         263,      -10.16426442,      -9.837035572,      -10.51294632,      -10.64603017
          0,           0,         264,       -10.1838848,      -9.854882873,      -10.52517361,      -10.66311378
          0,           0,         265,      -10.20414021,      -9.874640862,      -10.53794564,      -10.68240464
          0,           0,         266,      -10.22535416,      -9.896337531,      -10.55178446,      -10.70389274
          0,           0,         267,      -10.24758415,      -9.919800283,      -10.56724098,      -10.72722952
          0,           0,         268,      -10.27067458,      -9.944718562,      -10.58458263,      -10.75191177
          0,           0,         269,      -10.29437879,      -9.970733037,      -10.60365127,       -10.7774877
          0,           0,         270,      -10.31842891,      -9.997479188,      -10.62401738,      -10.80362288
          0,           0,         271,      -10.34257314,      -10.02461063,        -10.645194,      -10.83005484
          0,           0,         272,       -10.3666229,      -10.05183841,      -10.66675715,      -10.85655617
          0,           0,         273,      -10.39050003,       -10.0789781,      -10.68840168,      -10.88295445
          0,           0,         274,       -10.4142541,        -10.105976,      -10.70996773,      -10.90917028
          0,           0,         275,      -10.43804121,      -10.13290349,      -10.73144198,      -10.93523884
          0,           0,         276,      -10.46208296,      -10.15993075,        -10.752934,      -10.96130995
          0,           0,         277,      -10.48663096,      -10.18729757,      -10.77462568,      -10.98762778
          0,           0,         278,      -10.51194635,      -10.21529004,      -10.79670693,       -11.0144907
          0,           0,         279,      -10.53828579,      -10.24422067,      -10.81933212,      -11.04220279
          0,           0,         280,       -10.5658828,      -10.27440685,      -10.84261906,      -11.07103498
          0,           0,         281,      -10.59492256,      -10.30614569,      -10.86667461,      -11.10120229
          0,           0,         282,      -10.62551527,      -10.33968653,      -10.89161468,      -11.13285115
          0,           0,         283,      -10.65767319,      -10.37520287,      -10.91756142,      -11.16604712
          0,           0,         284,      -10.69129118,      -10.41276302,      -10.94462036,      -11.20075457
          0,           0,         285,       -10.7261294,      -10.45229715,      -10.97284899,      -11.23680435
          0,           0,         286,      -10.76180229,      -10.49356219,      -11.00222925,      -11.27385781
          0,           0,         287,      -10.79778837,      -10.53611441,      -11.03265384,      -11.31138961
          0,           0,         288,      -10.83348331,      -10.57931091,       -11.0639325,      -11.34872052
          0,           0,         289,      -10.86831284,      -10.62236833,      -11.09581909,      -11.38512513
          0,           0,         290,      -10.90189078,      -10.66449485,      -11.12804959,      -11.42000152
          0,           0,         291,      -10.93415183,      -10.70506287,      -11.16036771,      -11.45301295
          0,           0,         292,      -10.96536157,      -10.74373263,      -11.19252342,      -11.48409513
          0,           0,         293,      -10.99598017,       -10.7804545,      -11.22426303,      -11.51335642
          0,           0,         294,      -11.02646842,      -10.81537191,      -11.25534703,       -11.5409912
          0,           0,         295,        -11.057143,      -10.84870711,      -11.28560137,      -11.56724434
          0,           0,         296,      -11.08812487,      -10.88069133,      -11.31496469,      -11.59240519
          0,           0,         297,      -11.11936273,      -10.91154451,      -11.34349488,      -11.61680552
          0,           0,         298,      -11.15069241,      -10.94147589,      -11.37133517,      -11.64079203
          0,           0,         299,      -11.18190026,      -10.97068281,      -11.39866939,      -11.66467871
          0,           0,         300,      -11.21277229,      -10.99934258,      -11.42568937,      -11.68870985
          0,           0,         301,      -11.24312481,      -11.02760351,      -11.45257245,      -11.71304744
          0,           0,         302,      -11.27282155,       -11.0555814,      -11.47945996,      -11.73777664
          0,           0,         303,      -11.30178128,      -11.08336352,      -11.50643934,      -11.76292121
          0,           0,         304,       -11.3299763,      -11.11101683,      -11.53353746,      -11.78846251
          0,           0,         305,      -11.35742356,      -11.13859636,      -11.56072641,      -11.81435711
          0,           0,         306,      -11.38417176,      -11.16615077,      -11.58793709,      -11.84054986
          0,           0,         307,      -11.41028729,      -11.19372332,      -11.61507517,      -11.86698168
          0,           0,         308,       -11.4358404,      -11.22134763,      -11.64203513,      -11.89359248
          0,           0,         309,      -11.46089148,      -11.24903759,      -11.66871035,      -11.92031912
          0,           0,         310,      -11.48547732,      -11.27677165,      -11.69499821,      -11.94708864
          0,           0,         311,      -11.50959698,      -11.30447136,      -11.72080005,      -11.97380733
          0,           0,         312,      -11.53319759,      -11.33197504,      -11.74601782,      -12.00034674
          0,           0,         313,      -11.55616193,      -11.35900878,      -11.77054879,      -12.02652874
          0,           0,         314,       -11.5783004,      -11.38515967,      -11.79428018,      -12.05211202
          0,           0,         315,      -11.59935097,      -11.40986017,      -11.81708611,      -12.07678372
          0,           0,         316,      -11.61899142,      -11.43239826,      -11.83882914,      -12.10016026
          0,           0,         317,      -11.63686682,      -11.45196997,      -11.85936741,        -12.121803
          0,           0,         318,      -11.65263294,       -11.4677856,      -11.87856714,      -12.14125268
          0,           0,         319,      -11.66601056,      -11.47922019,      -11.89631783,      -12.15808424
          0,           0,         320,      -11.67684054,      -11.48596833,      -11.91254773,      -12.17197483
          0,           0,         321,      -11.68512487,      -11.48814355,      -11.92723575,      -12.18277065
          0,           0,         322,      -11.69103994,       -11.4862751,      -11.94041777,      -12.19053132
          0,           0,         323,       -11.6949177,      -11.48120353,      -11.95218509,      -12.19553571
          0,           0,         324,      -11.69720081,      -11.47392221,      -11.96267714,      -12.19824685
          0,           0,         325,      -11.69838675,      -11.46542558,      -11.97207117,      -12.19924857
          0,           0,         326,      -11.69897589,      -11.45660348,      -11.98057244,      -12.19917585
          0,           0,         327,      -11.69943357,      -11.44818964,      -11.98840775,      -12.19865575
          0,           0,         328,      -11.70016904,      -11.44075227,      -11.99582342,      -12.19826839
          0,           0,         329,      -11.70152745,      -11.43470842,      -12.00308824,      -12.19852607
          0,           0,         330,      -11.70378958,       -11.4303468,      -12.01049846,      -12.19986248
          0,           0,         331,      -11.70716962,      -11.42784766,      -12.01837721,      -12.20261877
          0,           0,         332,      -11.71180744,      -11.42729727,      -12.02705198,      -12.20702109
          0,           0,         333,      -11.71775348,      -11.42869661,      -12.03679778,      -12.21315284
          0,           0,         334,      -11.72496073,      -11.43197362,      -12.04775447,       -12.2209508
          0,           0,         335,      -11.73329701,      -11.43700321,      -12.05987045,      -12.23024639
          0,           0,         336,      -11.74258594,      -11.44363666,      -12.07292441,      -12.24084354
          0,           0,         337,      -11.75266228,      -11.45173314,      -12.08661656,      -12.25258301
          0,           0,         338,       -11.7634234,      -11.46118643,      -12.10067101,      -12.26537118
          0,           0,         339,      -11.77485621,      -11.47193792,       -12.1149026,       -12.2791716
          0,           0,         340,      -11.78703163,      -11.48397325,      -12.12923721,      -12.29397926
          0,           0,         341,      -11.80007549,      -11.49730767,      -12.14370218,      -12.30979745
          0,           0,         342,      -11.81413386,      -11.51196993,      -12.15839643,      -12.32662592
          0,           0,         343,      -11.82934556,        -11.527991,      -12.17344507,      -12.34445943
          0,           0,         344,      -11.84582679,       -11.5453986,      -12.18896271,      -12.36329327
          0,           0,         345,      -11.86366478,      -11.56421621,      -12.20502846,      -12.38312734
          0,           0,         346,      -11.88291763,      -11.58446311,      -12.22169198,      -12.40396798
          0,           0,         347,      -11.90361701,      -11.60615637,      -12.23897864,      -12.42582599
          0,           0,         348,      -11.92577174,      -11.62931078,       -12.2569114,      -12.44871331
          0,           0,         349,      -11.94937059,      -11.65393889,      -12.27551755,      -12.47263924
          0,           0,         350,       -11.9743831,      -11.68004865,      -12.29483123,      -12.49760683
          0,           0,         351,      -12.00075908,      -11.70764029,      -12.31488778,      -12.52360899
          0,           0,         352,       -12.0284279,      -11.73670247,      -12.33571884,      -12.55062669
          0,           0,         353,      -12.05729914,      -11.76720985,        -12.357342,      -12.57862741
          0,           0,         354,      -12.08726468,      -11.79912122,      -12.37975956,      -12.60756499
          0,           0,         355,      -12.11820362,      -11.83237952,      -12.40295962,      -12.63738202
          0,           0,         356,      -12.14998734,      -11.86691276,       -12.4269158,      -12.66800874
          0,           0,         357,      -12.18248457,      -11.90263413,      -12.45159567,      -12.69936557
          0,           0,         358,       -12.2155662,      -11.93944283,      -12.47696414,      -12.73136293
          0,           0,         359,      -12.24910821,      -11.97722311,      -12.50298476,      -12.76389954
          0,           0,         360,      -12.28299237,      -12.01584214,      -12.52962023,      -12.79685855
          0,           0,         361,      -12.31710542,      -12.05514692,      -12.55683013,      -12.83010541
          0,           0,         362,      -12.35133346,      -12.09495786,      -12.58456552,      -12.86347808
          0,           0,         363,      -12.38555828,      -12.13506449,      -12.61276868,      -12.89679349
          0,           0,         364,        -12.419652,      -12.17522104,       -12.6413709,      -12.92984965
          0,           0,         365,      -12.45347726,      -12.21514873,      -12.67029072,      -12.96244078
          0,           0,         366,      -12.48688947,      -12.25454307,      -12.69943459,      -12.99436769
          0,           0,         367,      -12.51974604,      -12.29309147,      -12.72869772,      -13.02545926
          0,           0,         368,      -12.55191572,      -12.33049532,      -12.75796848,       -13.0555817
          0,           0,         369,      -12.58328888,      -12.36649588,      -12.78713338,      -13.08465211
          0,           0,         370,      -12.61378603,      -12.40089889,      -12.81608342,      -13.11264191
          0,           0,         371,      -12.64336217,      -12.43359204,      -12.84472167,      -13.13957801
          0,           0,         372,      -12.67200495,      -12.46455054,      -12.87296705,       -13.1655334
          0,           0,         373,      -12.69973343,      -12.49383342,      -12.90075944,      -13.19061961
          0,           0,         374,       -12.7265892,      -12.52156651,      -12.92806213,      -13.21497095
          0,           0,         375,      -12.75263003,      -12.54792128,      -12.95486095,      -13.23873146
          0,           0,         376,      -12.77792099,      -12.57309001,      -12.98116186,       -13.2620425
          0,           0,         377,        -12.802528,      -12.59726394,      -13.00698731,      -13.28503214
          0,           0,         378,      -12.82651222,      -12.62061529,      -13.03237158,      -13.30780668
          0,           0,         379,       -12.8499239,      -12.64328418,      -13.05735336,      -13.33044723
          0,           0,         380,      -12.87280093,      -12.66537061,      -13.08197254,      -13.35300561
          0,           0,         381,      -12.89516512,      -12.68693122,        -13.106264,      -13.37550392
          0,           0,         382,      -12.91702047,      -12.70797705,      -13.13025229,      -13.39793369
          0,           0,         383,      -12.93835384,      -12.72847606,      -13.15395125,      -13.42025427
          0,           0,         384,      -12.95913417,      -12.74835579,      -13.17735636,      -13.44239802
          0,           0,         385,      -12.97931467,      -12.76750979,      -13.20044868,      -13.46426581
          0,           0,         386,       -12.9988374,      -12.78580685,      -13.22319017,        -13.485735
          0,           0,         387,      -13.01763746,      -12.80310198,      -13.24552747,      -13.50666215
