"Time_Iter","Outer_Iter","Inner_Iter",    "rms[Rho]"    ,    "rms[RhoU]"   ,    "rms[RhoV]"   ,    "rms[RhoW]"   ,    "rms[RhoE]"   ,     "rms[nu]"    
          0,           0,           0,      -4.455922249,      -9.280824176,      -10.07188228,      -10.04678606,      -3.846666929,      -11.49881533
          0,           0,           1,      -4.888257383,      -4.824447772,      -5.344107277,      -4.564023061,       -4.26064688,      -11.53360101
          0,           0,           2,      -4.925505131,      -4.787336562,      -5.115593212,      -4.832771386,       -4.30765228,      -11.33754466
          0,           0,           3,      -5.009666086,      -4.841445898,      -5.020904724,      -4.853268921,      -4.412354382,      -11.43088216
          0,           0,           4,      -5.009157226,      -4.857565278,      -4.981315266,      -4.825623731,      -4.413159212,      -11.48056463
          0,           0,           5,      -5.011913411,      -4.857199355,       -4.95897733,      -4.805889726,      -4.412640797,      -11.48441907
          0,           0,           6,      -5.034443871,      -4.861958742,      -4.937143783,      -4.803223134,      -4.434844779,      -11.48688884
          0,           0,           7,      -5.061856889,      -4.867564626,      -4.917237801,      -4.814560516,      -4.461595997,       -11.4797284
          0,           0,           8,       -5.07655725,      -4.867347715,      -4.906748429,      -4.829574249,      -4.472349218,      -11.46130857
          0,           0,           9,      -5.079542092,      -4.865666495,      -4.906849428,      -4.840715125,        -4.4692364,      -11.43483454
          0,           0,          10,        -5.0815878,      -4.868619353,      -4.913400005,      -4.848030542,      -4.465808861,       -11.3999384
          0,           0,          11,      -5.088218134,      -4.877785119,      -4.921778119,      -4.855638016,      -4.468944555,      -11.35276632
          0,           0,          12,      -5.099069983,      -4.892170274,       -4.92998676,      -4.866786953,      -4.478407566,       -11.2891113
          0,           0,          13,      -5.112062837,      -4.910681272,      -4.938593041,      -4.882361774,      -4.491580936,      -11.20919199
          0,           0,          14,      -5.125463718,      -4.932600714,      -4.948988133,      -4.901505928,      -4.505783067,      -11.11654054
          0,           0,          15,      -5.138502016,      -4.957168596,      -4.962119854,      -4.922593732,       -4.51925706,      -11.01718065
          0,           0,          16,      -5.152072847,      -4.983530928,      -4.978266737,      -4.944060912,      -4.532339415,      -10.92065816
          0,           0,          17,      -5.166103696,      -5.011103134,      -4.997288246,       -4.96497536,      -4.545192258,      -10.83080984
          0,           0,          18,      -5.181176943,      -5.039864579,      -5.018861089,      -4.985236388,      -4.559055123,      -10.74339429
          0,           0,          19,      -5.198010337,       -5.07019839,      -5.042553841,       -5.00538691,      -4.575267269,      -10.65360515
          0,           0,          20,      -5.216924763,      -5.102493884,       -5.06783362,      -5.026177136,      -4.594467255,      -10.56406744
          0,           0,          21,      -5.236148775,      -5.137070179,      -5.094113229,      -5.048212408,      -4.614957393,      -10.47189727
          0,           0,          22,      -5.254256616,      -5.173773638,      -5.120811632,      -5.071790965,       -4.63497971,      -10.37667766
          0,           0,          23,      -5.270772225,      -5.211943886,      -5.147476618,      -5.096887645,      -4.653438443,      -10.28515138
          0,           0,          24,      -5.285077615,      -5.250820157,      -5.173877129,      -5.123334958,      -4.669157513,      -10.19872814
          0,           0,          25,      -5.297881628,      -5.289880336,       -5.19998812,       -5.15100891,      -4.682621182,      -10.12141601
          0,           0,          26,      -5.310866269,      -5.328863153,      -5.225954478,      -5.179845852,      -4.695692701,      -10.05425345
          0,           0,          27,      -5.326092235,       -5.36765537,      -5.252059141,      -5.209847547,      -4.710718063,      -9.998591115
          0,           0,          28,      -5.344400839,      -5.406068205,      -5.278711435,      -5.241094956,      -4.728722227,      -9.949387558
          0,           0,          29,      -5.364832995,      -5.444049731,      -5.306394646,      -5.273773035,      -4.748821167,      -9.910666659
          0,           0,          30,      -5.387884847,       -5.48141658,      -5.335553949,      -5.308138578,      -4.771532669,      -9.879685197
          0,           0,          31,      -5.414864489,      -5.518003955,       -5.36652792,       -5.34452096,      -4.798264521,      -9.856734098
          0,           0,          32,      -5.445423571,       -5.55413586,      -5.399542969,      -5.383237971,      -4.828725731,       -9.83823168
          0,           0,          33,      -5.479535462,      -5.589721208,      -5.434692574,      -5.424503395,       -4.86285949,      -9.824315172
          0,           0,          34,      -5.517720693,      -5.624733819,      -5.471973452,      -5.468474255,      -4.901193118,       -9.81411563
          0,           0,          35,      -5.558945422,      -5.659784799,      -5.511287642,      -5.515204454,      -4.942709368,      -9.801581523
          0,           0,          36,      -5.602579014,      -5.694668372,      -5.552442523,      -5.564609083,      -4.986755096,      -9.801890136
          0,           0,          37,      -5.647572141,      -5.728897645,      -5.595150105,      -5.616552205,      -5.032349815,      -9.797123534
          0,           0,          38,        -5.6921739,      -5.761892432,      -5.639008547,      -5.670770751,      -5.077828134,       -9.79127978
          0,           0,          39,      -5.735670468,      -5.793211035,      -5.683567163,      -5.726829765,      -5.122510321,      -9.784236589
          0,           0,          40,      -5.776420742,      -5.822294226,      -5.728400929,      -5.784181661,      -5.164700103,      -9.774970005
          0,           0,          41,      -5.813084952,      -5.848231831,      -5.773174708,        -5.8420983,      -5.202873709,       -9.76329476
          0,           0,          42,      -5.844971531,      -5.871139522,      -5.817677449,      -5.899735558,      -5.236079204,      -9.748848641
          0,           0,          43,      -5.872344025,      -5.891160038,      -5.861804474,      -5.956228078,      -5.264349628,      -9.732480561
          0,           0,          44,      -5.896258312,       -5.90783085,      -5.905503222,      -6.010834676,      -5.288634838,       -9.71408971
          0,           0,          45,        -5.9182151,      -5.921746032,      -5.948686842,      -6.062999332,      -5.310471354,      -9.694067455
          0,           0,          46,      -5.939983258,      -5.933562252,      -5.991178571,       -6.11229941,      -5.331775048,      -9.673100584
          0,           0,          47,      -5.962530744,      -5.942869872,      -6.032698403,      -6.158356139,      -5.353747112,      -9.651616108
          0,           0,          48,      -5.985994489,      -5.950361955,      -6.072881712,       -6.20082137,        -5.3767214,      -9.630201336
          0,           0,          49,      -6.008861503,      -5.956915403,      -6.111340621,      -6.239017368,      -5.399326081,      -9.609249467
          0,           0,          50,      -6.028174277,      -5.962263939,      -6.147661892,      -6.272001349,      -5.418658727,      -9.589161572
          0,           0,          51,      -6.040407838,      -5.966577278,      -6.181444993,      -6.299378485,      -5.431045891,      -9.570257598
          0,           0,          52,      -6.041980178,      -5.970631857,      -6.212366502,      -6.320394015,      -5.432608187,       -9.55282068
          0,           0,          53,      -6.032730836,      -5.974109025,      -6.240085074,      -6.334836379,      -5.422866958,      -9.537039401
          0,           0,          54,      -6.014856008,      -5.977166815,      -6.264245862,      -6.343005008,      -5.404033614,      -9.522965729
          0,           0,          55,      -5.994652403,      -5.980208418,      -6.284442907,      -6.346719677,      -5.382549968,      -9.510671444
          0,           0,          56,      -5.973211493,      -5.983863478,      -6.300484509,      -6.347918473,      -5.359772949,      -9.500133582
          0,           0,          57,      -5.951188955,      -5.988318695,      -6.312365282,      -6.345949114,      -5.336369772,      -9.491295273
          0,           0,          58,      -5.931748044,      -5.993127596,      -6.319909773,      -6.340985037,      -5.315528789,      -9.484030403
          0,           0,          59,      -5.916457561,      -5.998045996,       -6.32349161,      -6.333833661,      -5.298898461,      -9.478222124
          0,           0,          60,      -5.904825768,      -6.003398202,      -6.323734261,      -6.325866659,      -5.286027056,      -9.473737013
          0,           0,          61,      -5.897979262,      -6.009218492,      -6.320897801,      -6.316752669,      -5.278061004,      -9.470517379
          0,           0,          62,      -5.896434437,      -6.015519499,      -6.315690457,      -6.306663933,       -5.27548717,      -9.468284067
          0,           0,          63,      -5.901184695,      -6.021970277,      -6.308880052,      -6.296812923,      -5.279339431,       -9.46692253
          0,           0,          64,      -5.911653827,      -6.029976095,      -6.301278486,      -6.287992633,      -5.289117927,       -9.46620918
          0,           0,          65,      -5.924964334,      -6.038844865,      -6.293746113,       -6.28004523,      -5.301942395,       -9.46602744
          0,           0,          66,       -5.94121227,      -6.046940669,      -6.286367848,      -6.273097885,      -5.317818392,      -9.466222929
          0,           0,          67,      -5.961380939,      -6.053625456,      -6.279577311,       -6.26676401,      -5.337639286,      -9.466635252
          0,           0,          68,      -5.982254851,      -6.060503087,      -6.273866943,      -6.261657845,      -5.358308977,      -9.467206456
          0,           0,          69,      -6.004536017,      -6.065724775,      -6.269250153,       -6.25757836,      -5.380431928,       -9.46785151
          0,           0,          70,      -6.027164735,      -6.069973139,      -6.265789954,      -6.254317488,      -5.402950831,      -9.468454027
          0,           0,          71,      -6.049706165,      -6.073549162,      -6.263557135,      -6.251649165,       -5.42537615,      -9.468981538
          0,           0,          72,      -6.071494861,      -6.076528322,      -6.262560755,      -6.249847067,       -5.44703992,      -9.469479766
          0,           0,          73,      -6.092354475,      -6.079178256,      -6.262791667,      -6.249278144,      -5.467735225,      -9.469872565
          0,           0,          74,      -6.111556506,      -6.081666128,      -6.264172398,      -6.249647482,      -5.486798507,      -9.470221392
          0,           0,          75,      -6.128691128,      -6.084135503,      -6.266605148,      -6.250711035,      -5.503803754,      -9.470453204
          0,           0,          76,      -6.143314523,      -6.086518404,      -6.270005435,       -6.25232438,      -5.518292946,      -9.470616672
          0,           0,          77,      -6.157500395,      -6.089203587,      -6.274231998,      -6.254385206,      -5.532288633,      -9.470735377
          0,           0,          78,       -6.16852058,      -6.092659572,      -6.279275872,      -6.257138709,      -5.543307056,      -9.470846504
          0,           0,          79,      -6.175245143,      -6.096490917,      -6.284981212,      -6.260591117,      -5.550174973,      -9.470941078
          0,           0,          80,       -6.17912361,      -6.100491942,      -6.291139578,      -6.264578866,       -5.55421525,      -9.471020948
          0,           0,          81,      -6.180249903,      -6.104706464,      -6.297714157,      -6.268610315,      -5.555505063,      -9.471114466
          0,           0,          82,      -6.179336279,      -6.109120973,       -6.30466961,      -6.272669113,      -5.554731577,      -9.471229644
          0,           0,          83,       -6.17735473,      -6.113652956,      -6.311947023,      -6.276803057,      -5.552832557,      -9.471396143
          0,           0,          84,      -6.177339581,      -6.118276541,      -6.319515043,      -6.281274457,       -5.55276618,      -9.471641558
          0,           0,          85,       -6.17798995,      -6.123348442,      -6.327404526,      -6.286195201,      -5.553413346,      -9.472057139
          0,           0,          86,      -6.178362387,      -6.128973526,      -6.335518245,      -6.291256097,      -5.553848425,       -9.47259319
          0,           0,          87,       -6.17987131,      -6.134935835,      -6.343713579,      -6.296255196,      -5.555299681,      -9.473297129
          0,           0,          88,      -6.182722414,      -6.141300075,      -6.351975934,      -6.301523949,      -5.557996783,      -9.474164871
          0,           0,          89,      -6.187932398,      -6.147827379,      -6.360284317,      -6.307036927,      -5.562945971,      -9.475164257
          0,           0,          90,      -6.194596573,      -6.154468343,      -6.368613392,      -6.312798776,      -5.569357169,      -9.476335253
          0,           0,          91,       -6.20126768,      -6.161441419,      -6.376916639,      -6.318685155,      -5.575829565,      -9.477682666
          0,           0,          92,      -6.208477575,      -6.168407866,      -6.385117662,        -6.3244083,      -5.582769068,      -9.479194092
          0,           0,          93,      -6.216816594,      -6.175380141,      -6.393245709,      -6.330053437,       -5.59074434,      -9.480879561
          0,           0,          94,      -6.227053197,      -6.182469345,      -6.401321642,      -6.335706065,      -5.600554326,      -9.482716256
          0,           0,          95,      -6.239585838,      -6.189796945,      -6.409386358,        -6.3417724,      -5.612665194,       -9.48465445
          0,           0,          96,      -6.253302142,      -6.197425378,      -6.417471964,      -6.348331741,       -5.62607513,      -9.486650588
          0,           0,          97,       -6.26778469,      -6.205166605,      -6.425603231,      -6.355152509,      -5.640317685,      -9.488682419
          0,           0,          98,      -6.283413126,      -6.212913252,       -6.43380878,      -6.362117482,      -5.655693157,      -9.490727507
          0,           0,          99,      -6.299941791,      -6.220692686,       -6.44214457,      -6.369265619,      -5.671975196,      -9.492758226
          0,           0,         100,      -6.316331277,      -6.228461573,      -6.450586645,      -6.376768914,      -5.688216423,      -9.494935646
          0,           0,         101,      -6.332011787,      -6.236203854,      -6.459080233,      -6.384474487,      -5.703797362,      -9.496978481
          0,           0,         102,      -6.347410063,      -6.243953596,       -6.46764245,      -6.392174988,      -5.719085542,      -9.498878213
          0,           0,         103,      -6.362367656,      -6.251610341,      -6.476247902,      -6.399915033,      -5.733944168,      -9.500641293
          0,           0,         104,      -6.376896197,      -6.259192069,      -6.484870911,      -6.407715972,      -5.748363004,      -9.502282843
          0,           0,         105,      -6.390484024,      -6.266728331,      -6.493475876,      -6.415617652,      -5.761893774,      -9.503830491
          0,           0,         106,      -6.406586403,      -6.274141966,      -6.502012835,      -6.423606484,      -5.777831698,      -9.505274254
          0,           0,         107,      -6.421566222,      -6.281768307,      -6.510567252,      -6.431681609,      -5.792837878,      -9.506608883
          0,           0,         108,      -6.432922371,      -6.289407534,      -6.519100758,      -6.439775972,      -5.804410008,      -9.507831566
          0,           0,         109,      -6.442447032,       -6.29670087,      -6.527506265,      -6.447697855,      -5.814139518,      -9.508992434
          0,           0,         110,      -6.450913746,      -6.303579352,      -6.535768596,      -6.455653636,        -5.8227773,      -9.510118345
          0,           0,         111,      -6.457387949,        -6.3101748,      -6.543911459,      -6.463333885,      -5.829479812,      -9.511073418
          0,           0,         112,      -6.462716471,      -6.316528965,      -6.551908052,      -6.470806863,      -5.835010095,      -9.511985161
          0,           0,         113,      -6.466846359,      -6.322651242,      -6.559730318,      -6.477980681,      -5.839326067,      -9.512892063
          0,           0,         114,      -6.470392819,      -6.328465237,      -6.567351659,      -6.484884717,       -5.84300043,       -9.51381434
          0,           0,         115,      -6.475133241,      -6.334030316,      -6.574745872,      -6.491954941,       -5.84778438,       -9.51478718
          0,           0,         116,      -6.479796507,      -6.339495179,      -6.581908794,      -6.498818555,      -5.852521724,      -9.515820362
          0,           0,         117,       -6.48521422,      -6.344860767,      -6.588814956,      -6.505480227,      -5.857972565,      -9.516947235
          0,           0,         118,      -6.490183288,      -6.350037039,      -6.595419555,      -6.511855533,      -5.862995761,      -9.518181378
          0,           0,         119,      -6.496296934,      -6.355046852,      -6.601689856,      -6.517892825,       -5.86907743,      -9.519539739
          0,           0,         120,      -6.502527631,      -6.359865725,       -6.60766506,      -6.523741515,      -5.875240387,      -9.521041345
          0,           0,         121,      -6.508390192,      -6.364425677,       -6.61332015,       -6.52939857,      -5.881046441,      -9.522698529
          0,           0,         122,      -6.514956647,      -6.368880456,      -6.618643755,      -6.534623792,      -5.887533816,        -9.5245084
          0,           0,         123,      -6.521509317,      -6.373198823,      -6.623692982,      -6.539516199,      -5.893989365,      -9.526458459
          0,           0,         124,      -6.528681298,      -6.377434383,      -6.628500536,      -6.544109519,      -5.900985766,      -9.528550812
          0,           0,         125,      -6.540302939,      -6.381574925,      -6.633085842,      -6.548520178,      -5.912217122,      -9.530762728
          0,           0,         126,      -6.554237879,      -6.386103344,      -6.637644934,      -6.553319859,      -5.925858633,      -9.533077731
          0,           0,         127,      -6.567880112,      -6.390956646,      -6.642235447,      -6.558493311,      -5.939392335,       -9.53547368
          0,           0,         128,      -6.580501311,       -6.39584675,      -6.646783385,      -6.563498964,      -5.951992715,      -9.537941731
          0,           0,         129,      -6.591795356,      -6.400543788,      -6.651281399,      -6.568320986,      -5.963275636,      -9.540454966
          0,           0,         130,      -6.602134594,      -6.405018546,      -6.655754973,      -6.572985674,      -5.973544846,      -9.542986879
          0,           0,         131,      -6.612312078,      -6.409287181,      -6.660236818,      -6.577549875,       -5.98358167,      -9.545503818
          0,           0,         132,      -6.622411956,      -6.413389837,      -6.664773937,      -6.582108609,      -5.993514803,      -9.547975675
          0,           0,         133,      -6.632081562,      -6.417374681,      -6.669400148,      -6.586749892,       -6.00304628,      -9.550416066
          0,           0,         134,      -6.641235484,      -6.421270253,      -6.674133294,      -6.591526982,      -6.012087887,      -9.552832864
          0,           0,         135,      -6.649406561,      -6.425101471,      -6.678976834,      -6.596481795,      -6.020202236,      -9.555219063
          0,           0,         136,      -6.657106348,      -6.428823987,      -6.683888148,       -6.60150436,      -6.027882088,      -9.557589698
          0,           0,         137,       -6.66405884,       -6.43246617,      -6.688869215,      -6.606674305,      -6.034844827,       -9.55994705
          0,           0,         138,      -6.670824511,      -6.436165129,      -6.693917389,       -6.61195211,      -6.041638587,      -9.562246118
          0,           0,         139,      -6.677780797,      -6.439930837,      -6.699034945,       -6.61735447,      -6.048626488,      -9.564504046
          0,           0,         140,      -6.685183986,      -6.443774636,      -6.704219242,      -6.622934822,      -6.056076915,      -9.566762337
          0,           0,         141,      -6.691737059,      -6.447675645,      -6.709483732,      -6.628563802,      -6.062751713,      -9.568961682
          0,           0,         142,      -6.697508583,      -6.451539528,      -6.714795287,      -6.634153892,      -6.068624712,      -9.571133084
          0,           0,         143,      -6.703073374,      -6.455320554,      -6.720112872,      -6.639679496,      -6.074248325,      -9.573285912
          0,           0,         144,       -6.70881037,       -6.45903028,      -6.725419782,       -6.64515953,      -6.079991856,       -9.57542505
          0,           0,         145,      -6.717739481,      -6.462685687,      -6.730714008,      -6.650636114,      -6.088742609,      -9.577556521
          0,           0,         146,      -6.726564627,      -6.466386067,      -6.736065251,      -6.656237442,      -6.097526495,      -9.579683205
          0,           0,         147,      -6.733850357,      -6.470108294,      -6.741393846,      -6.661841172,      -6.104880862,      -9.581817913
          0,           0,         148,      -6.741289962,        -6.4737369,      -6.746586119,      -6.667279991,      -6.112298408,      -9.583970361
          0,           0,         149,      -6.748232134,      -6.477271909,      -6.751637596,      -6.672513219,      -6.119194974,      -9.586152465
          0,           0,         150,      -6.755084208,      -6.480750176,      -6.756541319,      -6.677554399,      -6.125976402,      -9.588373879
          0,           0,         151,      -6.761824157,       -6.48420346,      -6.761296185,      -6.682417507,      -6.132637161,      -9.590640621
          0,           0,         152,      -6.768953722,      -6.487652954,      -6.765895104,      -6.687133412,      -6.139672941,       -9.59295596
          0,           0,         153,      -6.776744611,      -6.491117329,      -6.770342678,      -6.691725443,      -6.147350645,      -9.595316692
          0,           0,         154,      -6.785197818,      -6.494613178,      -6.774672915,      -6.696234025,      -6.155690787,      -9.597726224
          0,           0,         155,      -6.794118875,      -6.498126628,      -6.778889521,      -6.700659838,      -6.164510498,      -9.600168789
          0,           0,         156,      -6.803145074,      -6.501616241,      -6.782996564,      -6.704951122,      -6.173439948,      -9.602647565
          0,           0,         157,      -6.812650666,      -6.505094205,      -6.787025362,      -6.709174259,      -6.182854955,      -9.605151945
          0,           0,         158,      -6.822020952,      -6.508599071,      -6.790981145,      -6.713396491,      -6.192177637,      -9.607683219
          0,           0,         159,      -6.831707395,      -6.512089342,      -6.794863958,       -6.71758735,      -6.201810439,      -9.610244102
          0,           0,         160,       -6.84185027,      -6.515569875,       -6.79869389,      -6.721743433,      -6.211871295,      -9.612836988
          0,           0,         161,      -6.851936812,      -6.519060063,      -6.802510544,      -6.725841559,      -6.221878976,      -9.615477686
          0,           0,         162,      -6.861735313,      -6.522531096,      -6.806330936,      -6.729908572,      -6.231602973,      -9.618151701
          0,           0,         163,      -6.873647016,      -6.525969626,      -6.810165715,      -6.733987579,      -6.243320222,      -9.620854203
          0,           0,         164,      -6.884252384,      -6.529484676,      -6.814093794,         -6.738192,      -6.253893597,      -9.623575823
          0,           0,         165,      -6.893879243,      -6.533017571,      -6.818066975,      -6.742407625,       -6.26351131,      -9.626305988
          0,           0,         166,      -6.902827839,      -6.536525788,      -6.822077704,      -6.746586341,       -6.27243053,      -9.629035415
          0,           0,         167,      -6.911033891,       -6.54001635,      -6.826145571,      -6.750769927,      -6.280604232,      -9.631755734
          0,           0,         168,      -6.918778089,      -6.543522972,      -6.830280359,      -6.755007886,      -6.288316593,      -9.634460391
          0,           0,         169,      -6.926249449,      -6.547095934,      -6.834498084,      -6.759345731,      -6.295752013,      -9.637141139
          0,           0,         170,      -6.933433274,      -6.550681073,      -6.838795603,      -6.763780414,      -6.302915387,      -9.639792003
          0,           0,         171,      -6.941195624,      -6.554321882,      -6.843174288,      -6.768576719,       -6.31065692,      -9.642406112
          0,           0,         172,      -6.948174977,       -6.55802449,      -6.847645494,      -6.773439514,      -6.317692761,       -9.64497748
          0,           0,         173,      -6.954676089,      -6.561739297,      -6.852186245,       -6.77833558,      -6.324274829,      -9.647511233
          0,           0,         174,       -6.96085849,      -6.565442622,      -6.856785055,      -6.783294434,      -6.330523848,      -9.650007869
          0,           0,         175,      -6.967121578,      -6.569118678,      -6.861434587,      -6.788331661,      -6.336809328,      -9.652467324
          0,           0,         176,      -6.972860357,       -6.57275866,      -6.866126664,      -6.793413976,      -6.342593447,      -9.654890631
          0,           0,         177,      -6.979478197,      -6.576369552,       -6.87083717,      -6.798548917,      -6.349180933,      -9.657278475
          0,           0,         178,      -6.987308166,      -6.579980025,      -6.875558375,      -6.803802241,      -6.356950053,      -9.659631305
          0,           0,         179,      -6.993700694,      -6.583595315,      -6.880297133,      -6.809304537,      -6.363404095,       -9.66195006
          0,           0,         180,      -6.999226655,      -6.587159704,      -6.885019847,      -6.814709903,      -6.369014394,      -9.664238057
          0,           0,         181,      -7.004513753,      -6.590683678,      -6.889717638,      -6.820043021,      -6.374332681,      -9.666498688
          0,           0,         182,      -7.009678247,      -6.594227894,      -6.894389064,      -6.825337623,      -6.379492545,      -9.668737598
          0,           0,         183,       -7.01491191,      -6.597761647,      -6.899016176,      -6.830603985,       -6.38470293,      -9.670952192
          0,           0,         184,      -7.020531081,       -6.60124232,      -6.903586561,      -6.835842219,      -6.390279599,      -9.673145245
          0,           0,         185,      -7.026931554,      -6.604697057,       -6.90809526,      -6.841107471,      -6.396615214,      -9.675327845
          0,           0,         186,      -7.033563068,       -6.60813966,      -6.912531652,      -6.846503026,      -6.403227679,      -9.677501203
          0,           0,         187,      -7.039712608,      -6.611539287,      -6.916887134,      -6.851811774,      -6.409427353,      -9.679661774
          0,           0,         188,      -7.046295196,       -6.61491768,      -6.921137933,      -6.856999461,      -6.416034059,       -9.68180974
          0,           0,         189,      -7.052708336,      -6.618246142,      -6.925276394,      -6.862144219,       -6.42246176,       -9.68396629
          0,           0,         190,      -7.058687071,      -6.621513427,      -6.929302824,      -6.867194969,      -6.428482313,      -9.686127272
          0,           0,         191,      -7.065762408,      -6.624714192,      -6.933205802,      -6.872221058,      -6.435529664,      -9.688253045
          0,           0,         192,      -7.072953111,      -6.627853229,       -6.93698533,      -6.877148943,      -6.442722417,      -9.690391294
          0,           0,         193,      -7.080370788,      -6.630938973,      -6.940633392,      -6.881987457,       -6.45014436,      -9.692555281
          0,           0,         194,      -7.088176741,      -6.633971395,      -6.944156875,      -6.886797567,       -6.45793058,      -9.694758391
          0,           0,         195,      -7.094793557,      -6.636943748,      -6.947558498,      -6.891408203,       -6.46461082,      -9.697019881
          0,           0,         196,      -7.101003056,      -6.639837438,      -6.950830729,      -6.895810596,      -6.470855538,      -9.699344607
          0,           0,         197,      -7.106967156,      -6.642643797,      -6.953985115,      -6.900051284,       -6.47681247,      -9.701681689
          0,           0,         198,      -7.113053063,       -6.64538687,      -6.957032815,      -6.904182215,      -6.482855445,      -9.704055161
          0,           0,         199,      -7.119221223,      -6.648070381,      -6.959987106,      -6.908200531,      -6.488978943,      -9.706462442
          0,           0,         200,      -7.125435447,      -6.650690553,      -6.962854795,      -6.912085011,      -6.495162788,      -9.708898204
          0,           0,         201,      -7.131785455,      -6.653245203,      -6.965643987,      -6.915841561,      -6.501504269,      -9.711358098
          0,           0,         202,      -7.138216097,      -6.655737749,      -6.968358739,      -6.919480597,      -6.507946316,      -9.713838597
          0,           0,         203,      -7.144704288,      -6.658168261,      -6.971002296,      -6.923009428,      -6.514459689,      -9.716340868
          0,           0,         204,      -7.151294616,      -6.660547914,      -6.973575095,        -6.9264635,      -6.521086075,      -9.718867533
          0,           0,         205,      -7.157826518,      -6.662876631,       -6.97609076,      -6.929808506,      -6.527678045,      -9.721418869
          0,           0,         206,       -7.16483421,       -6.66517176,      -6.978565097,      -6.933057015,      -6.534741572,      -9.723993083
          0,           0,         207,      -7.171676731,      -6.667429506,      -6.981007096,      -6.936228552,      -6.541674646,      -9.726587553
          0,           0,         208,      -7.178379758,      -6.669654173,      -6.983416273,      -6.939312103,      -6.548467394,      -9.729195713
          0,           0,         209,      -7.185102993,      -6.671855757,      -6.985801912,      -6.942315024,      -6.555260787,      -9.731813461
          0,           0,         210,      -7.192010582,       -6.67404373,      -6.988179335,      -6.945304823,       -6.56221294,      -9.734443173
          0,           0,         211,      -7.198860374,      -6.676233207,      -6.990569557,      -6.948277165,      -6.569107579,      -9.737086304
          0,           0,         212,      -7.205418776,       -6.67845332,      -6.992993004,      -6.951210473,      -6.575724098,      -9.739746788
          0,           0,         213,      -7.211815491,      -6.680713228,      -6.995464386,      -6.954127448,      -6.582154353,      -9.742418636
          0,           0,         214,      -7.218140447,      -6.683023247,      -6.998002832,      -6.957061066,      -6.588481353,      -9.745103715
          0,           0,         215,      -7.224409149,      -6.685399722,      -7.000629485,      -6.960038314,      -6.594728887,      -9.747799942
          0,           0,         216,      -7.230686332,      -6.687856569,      -7.003358996,      -6.963092861,      -6.600968578,      -9.750498243
          0,           0,         217,      -7.237137579,      -6.690390468,      -7.006207471,      -6.966257596,      -6.607363099,      -9.753186211
          0,           0,         218,      -7.243492024,       -6.69300544,       -7.00918967,      -6.969553937,      -6.613680761,      -9.755852417
          0,           0,         219,      -7.249749025,      -6.695711813,      -7.012311445,      -6.972993383,      -6.619905685,      -9.758489452
          0,           0,         220,      -7.255935881,      -6.698500617,      -7.015578469,      -6.976573294,      -6.626055443,      -9.761091977
          0,           0,         221,      -7.262019981,      -6.701368433,      -7.018993252,      -6.980281634,      -6.632101432,      -9.763655452
          0,           0,         222,      -7.268158989,      -6.704313303,      -7.022557466,      -6.984159618,      -6.638194173,      -9.766177981
          0,           0,         223,      -7.274589111,       -6.70733867,      -7.026263689,      -6.988286231,      -6.644567659,      -9.768657561
          0,           0,         224,      -7.280557493,      -6.710429738,      -7.030114375,      -6.992552001,      -6.650527935,      -9.771093858
          0,           0,         225,      -7.286374705,      -6.713576596,      -7.034093016,      -6.996946334,      -6.656350181,      -9.773489946
          0,           0,         226,      -7.292081457,       -6.71675504,      -7.038186472,      -7.001460024,      -6.662051392,      -9.775843522
          0,           0,         227,      -7.297635904,      -6.720011338,      -7.042382396,      -7.006088089,      -6.667590414,      -9.778157378
          0,           0,         228,      -7.303186909,      -6.723301614,      -7.046666966,      -7.010823054,      -6.673115013,      -9.780437169
          0,           0,         229,      -7.308999382,      -6.726621233,       -7.05102622,      -7.015677642,      -6.678887153,      -9.782686573
          0,           0,         230,      -7.314794255,      -6.729959767,      -7.055446807,      -7.020618881,      -6.684661075,      -9.784907795
          0,           0,         231,      -7.320672118,      -6.733316731,       -7.05991282,      -7.025646047,      -6.690527557,      -9.787102084
          0,           0,         232,      -7.326431413,      -6.736683334,      -7.064408046,      -7.030708914,       -6.69629777,      -9.789270447
          0,           0,         233,      -7.332033297,      -6.740048541,      -7.068915269,      -7.035783005,      -6.701922616,      -9.791415331
          0,           0,         234,      -7.337460279,      -6.743403043,      -7.073417978,       -7.04084001,      -6.707378213,      -9.793540084
          0,           0,         235,       -7.34270081,      -6.746739376,      -7.077900548,      -7.045859115,      -6.712654087,      -9.795647235
          0,           0,         236,      -7.347912656,       -6.75004967,      -7.082346378,      -7.050819629,      -6.717898826,      -9.797741252
          0,           0,         237,      -7.352905752,      -6.753329468,      -7.086743377,      -7.055708102,      -6.722940443,      -9.799824615
          0,           0,         238,      -7.357694976,      -6.756574849,      -7.091078243,      -7.060506246,      -6.727786193,      -9.801899883
          0,           0,         239,      -7.362302027,      -6.759782079,      -7.095340415,      -7.065194612,      -6.732456345,      -9.803969769
          0,           0,         240,       -7.36677454,      -6.762948848,      -7.099522771,      -7.069762461,      -6.736993316,      -9.806036795
          0,           0,         241,      -7.371156826,      -6.766076679,        -7.1036201,       -7.07421192,      -6.741433107,      -9.808103187
          0,           0,         242,      -7.375344162,      -6.769165241,      -7.107632104,      -7.078539833,      -6.745695672,      -9.810170778
          0,           0,         243,      -7.379379238,      -6.772215185,      -7.111557356,      -7.082728979,       -6.74981241,      -9.812241351
          0,           0,         244,      -7.383309542,      -6.775229722,       -7.11539771,      -7.086773937,      -6.753818211,      -9.814312033
          0,           0,         245,      -7.387181129,      -6.778215069,      -7.119156368,      -7.090680087,      -6.757757145,      -9.816378915
          0,           0,         246,      -7.391006812,      -6.781174457,      -7.122843025,      -7.094457227,      -6.761644703,      -9.818462273
          0,           0,         247,      -7.394774342,      -6.784114444,      -7.126454777,      -7.098115818,      -6.765472353,      -9.820552499
          0,           0,         248,      -7.398574274,      -6.787042712,      -7.129997881,      -7.101671545,      -6.769328189,      -9.822650367
          0,           0,         249,      -7.402357918,      -6.789965647,      -7.133481667,      -7.105130812,      -6.773169382,      -9.824761211
          0,           0,         250,      -7.406138364,      -6.792893232,      -7.136917721,      -7.108507354,      -6.777006622,      -9.826879083
          0,           0,         251,      -7.409949577,      -6.795829442,      -7.140312257,      -7.111821019,      -6.780873331,      -9.829008863
          0,           0,         252,      -7.413682496,      -6.798780472,      -7.143668608,      -7.115069054,      -6.784670928,      -9.831144817
          0,           0,         253,      -7.417366427,      -6.801748891,      -7.146992068,      -7.118259634,      -6.788418578,      -9.833281266
          0,           0,         254,      -7.421019632,      -6.804735451,      -7.150285611,      -7.121397567,      -6.792131505,      -9.835414904
          0,           0,         255,      -7.424859611,      -6.807745586,       -7.15355094,      -7.124496265,      -6.796021401,      -9.837544068
          0,           0,         256,      -7.428748015,      -6.810779211,      -7.156797937,        -7.1275675,      -6.799965107,      -9.839669585
          0,           0,         257,      -7.432457084,      -6.813834525,      -7.160028978,      -7.130615505,      -6.803739751,      -9.841792485
          0,           0,         258,      -7.436105875,      -6.816908875,      -7.163244426,      -7.133662796,      -6.807446068,      -9.843914558
          0,           0,         259,      -7.439608578,      -6.820006564,      -7.166448258,      -7.136693367,      -6.811012298,      -9.846036372
          0,           0,         260,      -7.443008446,      -6.823130671,      -7.169643105,      -7.139698545,      -6.814475019,      -9.848158317
          0,           0,         261,      -7.446363725,      -6.826280814,      -7.172830666,      -7.142688223,      -6.817880363,       -9.85028075
          0,           0,         262,      -7.449723351,       -6.82945889,      -7.176015158,      -7.145671163,      -6.821281319,      -9.852403933
          0,           0,         263,      -7.453085553,      -6.832666474,       -7.17920113,       -7.14865815,      -6.824681313,      -9.854528219
          0,           0,         264,      -7.456430118,      -6.835904788,      -7.182393687,      -7.151657042,      -6.828064393,      -9.856652994
          0,           0,         265,       -7.45981693,      -6.839175878,      -7.185598639,      -7.154674294,      -6.831491124,      -9.858778325
          0,           0,         266,      -7.463174942,      -6.842478794,      -7.188820328,      -7.157713151,      -6.834896866,      -9.860904045
          0,           0,         267,      -7.466524888,      -6.845814002,      -7.192063943,      -7.160779118,      -6.838296895,      -9.863030287
          0,           0,         268,      -7.469855532,      -6.849181265,      -7.195334726,      -7.163879426,      -6.841677554,       -9.86515644
          0,           0,         269,      -7.473169025,      -6.852577838,      -7.198636561,      -7.167017756,      -6.845043608,      -9.867279084
          0,           0,         270,      -7.476486571,      -6.856000191,      -7.201972291,      -7.170199095,      -6.848416326,      -9.869397075
          0,           0,         271,      -7.479783981,      -6.859443184,       -7.20534431,      -7.173433458,       -6.85176703,      -9.871521106
          0,           0,         272,      -7.482988392,      -6.862903456,      -7.208754553,      -7.176706833,       -6.85503017,      -9.873648072
          0,           0,         273,      -7.486197164,      -6.866378476,      -7.212211579,      -7.180027662,      -6.858296476,      -9.875767526
          0,           0,         274,      -7.489448023,      -6.869866718,      -7.215702986,      -7.183401506,      -6.861600306,      -9.877886295
          0,           0,         275,      -7.492736136,      -6.873365303,      -7.219228465,      -7.186827927,      -6.864939233,      -9.880009643
          0,           0,         276,      -7.496068809,      -6.876870066,      -7.222787041,      -7.190309188,      -6.868322541,      -9.882095261
          0,           0,         277,      -7.499435221,      -6.880377998,      -7.226377524,      -7.193844658,      -6.871744006,      -9.884180403
          0,           0,         278,      -7.502797036,      -6.883887143,      -7.229996319,      -7.197417803,      -6.875167753,      -9.886289093
          0,           0,         279,      -7.506122482,      -6.887396551,      -7.233639283,      -7.201026344,      -6.878557244,      -9.888368981
          0,           0,         280,      -7.509405999,      -6.890916782,      -7.237305381,      -7.204668578,      -6.881906382,      -9.890486424
          0,           0,         281,      -7.512661645,      -6.894438329,      -7.240990589,      -7.208344453,      -6.885230553,      -9.892615257
          0,           0,         282,      -7.515897534,      -6.897953756,       -7.24469016,      -7.212049891,       -6.88853728,      -9.894744194
          0,           0,         283,      -7.519123654,      -6.901458161,      -7.248399855,       -7.21577931,      -6.891834659,      -9.896871019
          0,           0,         284,      -7.522345612,      -6.904948621,      -7.252114894,      -7.219524183,      -6.895128841,      -9.898997029
          0,           0,         285,       -7.52554452,      -6.908423079,      -7.255829687,      -7.223280622,      -6.898400716,       -9.90112525
          0,           0,         286,      -7.528732739,      -6.911877463,      -7.259536873,      -7.227044017,      -6.901663578,      -9.903256813
          0,           0,         287,      -7.531908024,      -6.915309418,       -7.26323041,      -7.230806514,      -6.904916319,      -9.905389756
          0,           0,         288,      -7.535084432,      -6.918716552,      -7.266905743,      -7.234562571,      -6.908172133,      -9.907525282
          0,           0,         289,      -7.538087252,       -6.92209585,      -7.270558373,      -7.238307465,      -6.911260921,      -9.909662339
          0,           0,         290,      -7.541005492,      -6.925450935,      -7.274184677,      -7.242032812,      -6.914268659,      -9.911799373
          0,           0,         291,      -7.543974534,      -6.928776379,      -7.277779308,       -7.24573319,       -6.91732606,      -9.913899737
          0,           0,         292,      -7.546984834,      -6.932063125,      -7.281336361,      -7.249404759,      -6.920422727,      -9.916005207
          0,           0,         293,      -7.549948366,      -6.935310828,      -7.284852741,      -7.253043955,      -6.923472263,      -9.918134222
          0,           0,         294,      -7.552918536,      -6.938518403,      -7.288326852,       -7.25664641,      -6.926528259,      -9.920272109
          0,           0,         295,       -7.55591409,      -6.941684469,       -7.29175662,      -7.260207413,      -6.929608998,      -9.922408973
          0,           0,         296,      -7.558929486,      -6.944807196,      -7.295139415,      -7.263725765,      -6.932709209,      -9.924549559
          0,           0,         297,      -7.561955231,       -6.94788448,      -7.298473801,      -7.267199953,      -6.935820804,      -9.926701364
          0,           0,         298,      -7.564966791,      -6.950917304,      -7.301760389,      -7.270627171,      -6.938920056,      -9.928855976
          0,           0,         299,      -7.567960771,      -6.953905525,      -7.305000243,      -7.274009024,      -6.942002161,      -9.931014159
          0,           0,         300,      -7.570928818,      -6.956844038,      -7.308194072,      -7.277344501,      -6.945057445,      -9.933176735
          0,           0,         301,      -7.573864993,      -6.959738227,      -7.311344044,       -7.28063687,      -6.948079509,      -9.935343641
          0,           0,         302,      -7.576809394,      -6.962591785,      -7.314452727,      -7.283894258,      -6.951107699,      -9.937514408
          0,           0,         303,      -7.579797079,      -6.965405871,      -7.317522693,      -7.287116629,      -6.954176108,      -9.939688477
          0,           0,         304,      -7.582757095,      -6.968181472,      -7.320556745,      -7.290308326,      -6.957217319,      -9.941866003
          0,           0,         305,      -7.585656194,      -6.970921356,      -7.323558536,      -7.293470397,      -6.960196261,       -9.94404707
          0,           0,         306,       -7.58851378,      -6.973628339,      -7.326530697,      -7.296604369,      -6.963127571,      -9.946231205
          0,           0,         307,      -7.591341992,      -6.976306073,      -7.329476767,      -7.299713315,      -6.966022763,      -9.948417541
          0,           0,         308,      -7.594146833,       -6.97895898,      -7.332402888,      -7.302800961,       -6.96888954,       -9.95060521
          0,           0,         309,      -7.596904571,      -6.981591464,      -7.335308806,      -7.305870432,      -6.971703601,        -9.9527939
          0,           0,         310,      -7.599497224,      -6.984207323,       -7.33819936,      -7.308922167,      -6.974347997,      -9.954983464
          0,           0,         311,      -7.602091038,      -6.986810967,      -7.341073605,      -7.311959574,      -6.976987858,      -9.957173489
          0,           0,         312,      -7.604703277,      -6.989407923,      -7.343939607,      -7.314987992,      -6.979639093,      -9.959363499
          0,           0,         313,      -7.607327267,      -6.992001985,      -7.346798417,      -7.318008741,      -6.982295158,      -9.961553014
          0,           0,         314,      -7.609924544,      -6.994597798,      -7.349656258,      -7.321023821,      -6.984921328,      -9.963741492
          0,           0,         315,      -7.612510261,      -6.997199537,      -7.352516715,      -7.324037034,      -6.987529165,      -9.965928255
          0,           0,         316,      -7.615097431,      -6.999808425,      -7.355382012,      -7.327047423,      -6.990132857,      -9.968112576
          0,           0,         317,      -7.617693269,       -7.00242592,      -7.358253355,       -7.33005894,      -6.992739661,      -9.970293508
          0,           0,         318,       -7.62029174,      -7.005050074,      -7.361133483,      -7.333071706,      -6.995343802,      -9.972469763
          0,           0,         319,      -7.622878922,      -7.007683631,      -7.364024203,      -7.336083173,      -6.997932985,      -9.974634165
          0,           0,         320,      -7.625458839,      -7.010338644,      -7.366927146,      -7.339096759,      -7.000512167,      -9.976799529
          0,           0,         321,      -7.628031019,      -7.013023636,      -7.369843964,       -7.34211489,      -7.003082442,      -9.978964238
          0,           0,         322,      -7.630607654,      -7.015729764,      -7.372775196,      -7.345137834,      -7.005656402,      -9.981127375
          0,           0,         323,        -7.6332015,      -7.018457823,      -7.375720055,      -7.348165654,      -7.008246778,      -9.983289937
          0,           0,         324,      -7.635821162,      -7.021208037,      -7.378677667,      -7.351198693,      -7.010862273,       -9.98545052
          0,           0,         325,      -7.638439257,      -7.023979508,      -7.381646411,      -7.354233247,      -7.013476503,      -9.987608123
          0,           0,         326,      -7.641071918,      -7.026771663,      -7.384624637,      -7.357268743,      -7.016104217,      -9.989762623
          0,           0,         327,      -7.643743754,      -7.029583988,      -7.387610424,      -7.360304372,      -7.018770908,      -9.991914453
          0,           0,         328,      -7.646462036,      -7.032413437,      -7.390601411,      -7.363339092,        -7.0214861,      -9.994034514
          0,           0,         329,      -7.649246028,      -7.035257761,       -7.39359621,      -7.366374097,      -7.024267704,      -9.996164806
          0,           0,         330,      -7.652046838,      -7.038114289,      -7.396591153,      -7.369405159,      -7.027071307,      -9.998303893
          0,           0,         331,      -7.654862932,      -7.040980137,      -7.399583121,      -7.372422562,      -7.029897061,      -10.00044715
          0,           0,         332,      -7.657708294,      -7.043851864,      -7.402569078,      -7.375425977,        -7.0327539,      -10.00259335
          0,           0,         333,      -7.660595985,      -7.046727079,      -7.405546934,      -7.378415886,      -7.035655739,      -10.00474181
          0,           0,         334,       -7.66350233,      -7.049601576,      -7.408511789,      -7.381390537,      -7.038579642,      -10.00689247
          0,           0,         335,      -7.666420089,      -7.052471503,      -7.411465297,      -7.384346701,      -7.041523024,      -10.00904585
          0,           0,         336,      -7.669342857,      -7.055331737,      -7.414405347,      -7.387282348,      -7.044477221,       -10.0112028
          0,           0,         337,      -7.672263802,      -7.058176756,      -7.417329198,      -7.390196299,      -7.047432656,      -10.01336375
          0,           0,         338,      -7.675173481,      -7.061003014,      -7.420235431,      -7.393082705,      -7.050381984,      -10.01553128
          0,           0,         339,      -7.678071042,      -7.063807661,      -7.423121377,      -7.395947844,      -7.053324354,      -10.01770125
          0,           0,         340,      -7.681003712,      -7.066585456,      -7.425985403,      -7.398804452,      -7.056303842,      -10.01987526
          0,           0,         341,      -7.684051735,      -7.069338452,      -7.428827472,      -7.401666588,      -7.059403939,      -10.02205417
          0,           0,         342,      -7.687008976,      -7.072061204,      -7.431646012,      -7.404490133,      -7.062428516,      -10.02423807
          0,           0,         343,      -7.689888924,      -7.074748317,      -7.434437967,      -7.407278204,      -7.065376222,      -10.02642695
          0,           0,         344,      -7.692712244,      -7.077397079,      -7.437215956,      -7.410042631,      -7.068261731,      -10.02862242
          0,           0,         345,      -7.695506828,      -7.080015074,      -7.439965556,      -7.412787034,      -7.071112535,      -10.03082414
          0,           0,         346,        -7.6982907,      -7.082604084,      -7.442688276,      -7.415517867,      -7.073948452,      -10.03303212
          0,           0,         347,      -7.701082934,      -7.085167973,      -7.445389273,      -7.418240539,      -7.076790329,       -10.0352463
          0,           0,         348,      -7.703887995,       -7.08771328,      -7.448074199,      -7.420959209,      -7.079643824,      -10.03746641
          0,           0,         349,      -7.706700198,      -7.090246392,      -7.450749286,      -7.423679124,      -7.082501795,      -10.03969203
          0,           0,         350,      -7.709524389,      -7.092774239,      -7.453421727,      -7.426406884,      -7.085368509,       -10.0419228
          0,           0,         351,      -7.712368783,      -7.095305775,      -7.456099289,      -7.429149924,      -7.088252382,      -10.04415861
          0,           0,         352,      -7.715235942,      -7.097844944,      -7.458788608,      -7.431914051,      -7.091154981,      -10.04639918
          0,           0,         353,      -7.718132781,      -7.100398102,      -7.461495496,      -7.434706692,      -7.094082875,      -10.04864414
          0,           0,         354,      -7.721063613,       -7.10297091,       -7.46422644,      -7.437534554,      -7.097040753,      -10.05089323
          0,           0,         355,      -7.724254287,      -7.105569929,       -7.46698706,       -7.44040332,      -7.100251576,      -10.05314596
          0,           0,         356,      -7.727423539,      -7.108199214,      -7.469784648,      -7.443321861,      -7.103446978,      -10.05540167
          0,           0,         357,      -7.730577469,      -7.110862658,      -7.472622143,      -7.446293283,      -7.106626217,      -10.05765963
          0,           0,         358,       -7.73374011,      -7.113565338,      -7.475502995,      -7.449320278,      -7.109810481,      -10.05991932
          0,           0,         359,      -7.736944865,      -7.116311597,      -7.478430819,      -7.452403992,      -7.113033306,      -10.06217343
          0,           0,         360,      -7.740181972,      -7.119105259,      -7.481408857,      -7.455549195,      -7.116283518,      -10.06441595
          0,           0,         361,      -7.743462454,      -7.121949448,      -7.484440061,      -7.458760107,      -7.119573854,      -10.06666937
          0,           0,         362,      -7.746793227,      -7.124846222,      -7.487527598,      -7.462040839,      -7.122912414,      -10.06893111
          0,           0,         363,      -7.750180004,      -7.127798074,      -7.490674277,       -7.46539404,      -7.126305575,      -10.07119716
          0,           0,         364,      -7.753674092,      -7.130807836,      -7.493882964,      -7.468822428,      -7.129805604,      -10.07346512
          0,           0,         365,      -7.757218101,      -7.133876744,      -7.497156561,      -7.472328619,      -7.133356858,       -10.0757346
          0,           0,         366,      -7.760801972,      -7.137006554,      -7.500497365,      -7.475912186,      -7.136948851,      -10.07800499
          0,           0,         367,      -7.764418645,      -7.140196308,       -7.50390654,      -7.479572039,      -7.140573977,      -10.08027586
          0,           0,         368,       -7.76805215,      -7.143444351,       -7.50738488,      -7.483311213,       -7.14421426,      -10.08254743
          0,           0,         369,      -7.771704991,      -7.146749782,      -7.510933102,      -7.487126769,      -7.147874267,      -10.08482005
          0,           0,         370,      -7.775386891,      -7.150111189,      -7.514551087,      -7.491019334,      -7.151562887,      -10.08709423
          0,           0,         371,      -7.779104741,      -7.153526473,      -7.518238425,      -7.494989378,      -7.155287511,      -10.08938942
          0,           0,         372,      -7.782863665,      -7.156992405,      -7.521992098,      -7.499037362,      -7.159054567,      -10.09167387
          0,           0,         373,      -7.786658113,      -7.160504582,       -7.52580931,      -7.503159687,      -7.162860268,      -10.09396003
          0,           0,         374,      -7.790486117,      -7.164058878,       -7.52968905,      -7.507351646,      -7.166703776,      -10.09624594
          0,           0,         375,      -7.794347745,      -7.167652384,      -7.533630189,      -7.511608546,      -7.170585485,      -10.09853322
          0,           0,         376,      -7.798245892,      -7.171280672,      -7.537629995,      -7.515927043,      -7.174508648,      -10.10082192
          0,           0,         377,      -7.802175544,      -7.174939233,      -7.541685031,      -7.520303891,      -7.178468868,      -10.10311165
          0,           0,         378,      -7.806132689,       -7.17862433,      -7.545791599,       -7.52473655,      -7.182461849,      -10.10539692
          0,           0,         379,       -7.81011196,      -7.182332555,      -7.549947985,      -7.529222254,      -7.186481791,      -10.10768859
          0,           0,         380,       -7.81410533,      -7.186060101,      -7.554148014,      -7.533757318,      -7.190520776,      -10.10998659
          0,           0,         381,       -7.81810871,      -7.189803181,      -7.558387721,      -7.538336431,      -7.194574333,      -10.11228837
          0,           0,         382,      -7.822159182,      -7.193559489,      -7.562663728,      -7.542957191,      -7.198679196,      -10.11459437
          0,           0,         383,      -7.826193012,      -7.197323887,      -7.566972386,       -7.54761422,      -7.202773594,      -10.11690184
          0,           0,         384,      -7.830204832,      -7.201092472,      -7.571309613,      -7.552303517,      -7.206849473,      -10.11920922
          0,           0,         385,      -7.834212829,      -7.204861918,      -7.575671119,       -7.55702254,       -7.21092351,      -10.12152071
          0,           0,         386,      -7.838201419,       -7.20862927,      -7.580053206,      -7.561768007,      -7.214980474,      -10.12383539
          0,           0,         387,      -7.842170466,      -7.212391761,      -7.584452007,       -7.56653608,      -7.219020596,       -10.1261541
          0,           0,         388,      -7.846207332,      -7.216147583,      -7.588864071,      -7.571324643,      -7.223129279,      -10.12847773
          0,           0,         389,      -7.850279871,      -7.219894636,      -7.593286552,      -7.576133414,      -7.227278384,      -10.13080674
          0,           0,         390,       -7.85428773,      -7.223630149,      -7.597715829,      -7.580955835,      -7.231368111,      -10.13314138
          0,           0,         391,      -7.858243664,      -7.227352134,      -7.602148389,      -7.585787451,        -7.2354081,      -10.13548174
          0,           0,         392,      -7.862157544,      -7.231059148,      -7.606581129,       -7.59062418,      -7.239406011,      -10.13782831
          0,           0,         393,      -7.866021894,      -7.234749848,      -7.611011004,      -7.595457051,      -7.243352157,      -10.14018029
          0,           0,         394,      -7.869863291,       -7.23842548,      -7.615437085,      -7.600292702,      -7.247276048,      -10.14253867
          0,           0,         395,      -7.873686645,      -7.242085558,      -7.619857146,      -7.605128703,      -7.251181742,      -10.14490138
          0,           0,         396,       -7.87750327,      -7.245730328,      -7.624269595,      -7.609963639,      -7.255080429,      -10.14726869
          0,           0,         397,       -7.88130613,      -7.249359796,       -7.62867324,      -7.614792688,      -7.258964897,       -10.1496396
          0,           0,         398,      -7.885127295,      -7.252975389,       -7.63306726,      -7.619616246,      -7.262866744,      -10.15201781
          0,           0,         399,      -7.888937065,      -7.256577177,      -7.637450964,      -7.624432018,      -7.266757362,      -10.15440138
          0,           0,         400,      -7.892790824,      -7.260167586,       -7.64182458,      -7.629251027,       -7.27069168,      -10.15679004
          0,           0,         401,      -7.896674659,      -7.263748906,      -7.646187719,      -7.634070971,       -7.27465989,      -10.15918394
          0,           0,         402,      -7.900522525,      -7.267323017,      -7.650539493,      -7.638875785,      -7.278596392,      -10.16158277
          0,           0,         403,      -7.904345593,      -7.270891239,       -7.65487955,      -7.643664487,      -7.282506451,      -10.16398635
          0,           0,         404,      -7.908154418,      -7.274455042,      -7.659208484,      -7.648438622,       -7.28639825,      -10.16639455
          0,           0,         405,      -7.911978678,      -7.278016561,      -7.663527349,      -7.653202001,      -7.290301485,      -10.16880726
          0,           0,         406,        -7.9158186,      -7.281577676,      -7.667837835,      -7.657957471,      -7.294218517,      -10.17122415
          0,           0,         407,       -7.91963732,      -7.285139573,      -7.672141891,       -7.66270568,      -7.298113145,      -10.17364526
          0,           0,         408,      -7.923448543,      -7.288704484,      -7.676440912,      -7.667449803,      -7.301997385,      -10.17607063
          0,           0,         409,      -7.927262182,      -7.292274501,      -7.680736709,      -7.672193318,      -7.305881033,       -10.1785003
          0,           0,         410,      -7.931085199,      -7.295851592,      -7.685031574,      -7.676939868,      -7.309771641,      -10.18093428
          0,           0,         411,      -7.934922086,      -7.299437617,      -7.689328152,      -7.681693035,      -7.313674406,      -10.18337239
          0,           0,         412,      -7.938775368,      -7.303034074,      -7.693629072,      -7.686456338,      -7.317592468,      -10.18581455
          0,           0,         413,      -7.942646295,      -7.306642168,      -7.697937026,      -7.691233079,      -7.321527498,       -10.1882605
          0,           0,         414,      -7.946535496,      -7.310262927,      -7.702254535,      -7.696026487,       -7.32548038,      -10.19071013
          0,           0,         415,      -7.950443107,      -7.313897166,      -7.706583952,      -7.700839728,      -7.329451413,      -10.19316324
          0,           0,         416,      -7.954369147,      -7.317545616,      -7.710927548,      -7.705675855,      -7.333440745,      -10.19561968
          0,           0,         417,      -7.958313612,       -7.32120885,      -7.715287472,      -7.710537773,      -7.337448493,      -10.19807951
          0,           0,         418,      -7.962311115,      -7.324887415,      -7.719665692,       -7.71542759,      -7.341511202,      -10.20054279
          0,           0,         419,      -7.966327192,      -7.328581355,      -7.724064097,      -7.720349162,      -7.345592732,      -10.20300955
          0,           0,         420,      -7.970351997,      -7.332290496,      -7.728484635,      -7.725305553,      -7.349683631,      -10.20547978
          0,           0,         421,      -7.974385872,        -7.3360143,      -7.732928515,      -7.730298153,      -7.353784613,      -10.20795351
          0,           0,         422,      -7.978444426,      -7.339751816,      -7.737397213,      -7.735328719,      -7.357910359,      -10.21043078
          0,           0,         423,      -7.982519809,      -7.343504142,      -7.741892453,      -7.740399786,       -7.36205285,       -10.2129117
          0,           0,         424,      -7.986597653,      -7.347271958,      -7.746415739,      -7.745513624,      -7.366197882,      -10.21539654
          0,           0,         425,      -7.990688348,      -7.351055675,      -7.750968221,       -7.75067253,       -7.37035538,      -10.21788429
          0,           0,         426,      -7.994794207,      -7.354855716,      -7.755551379,      -7.755876853,      -7.374527907,      -10.22037581
          0,           0,         427,      -7.998923711,      -7.358672337,      -7.760167085,      -7.761128906,      -7.378724139,      -10.22287112
          0,           0,         428,      -8.003078988,      -7.362505563,      -7.764817176,      -7.766430984,      -7.382946596,      -10.22537017
          0,           0,         429,      -8.007244647,      -7.366355101,      -7.769503255,      -7.771785153,      -7.387180256,      -10.22787293
          0,           0,         430,      -8.011420876,      -7.370220679,      -7.774226193,      -7.777192869,      -7.391425271,       -10.2303796
          0,           0,         431,      -8.015842242,      -7.374105287,       -7.77898669,      -7.782695462,      -7.395919754,      -10.23288976
          0,           0,         432,      -8.020257809,      -7.378006334,      -7.783787231,      -7.788258008,      -7.400423897,      -10.23540349
          0,           0,         433,      -8.024562599,      -7.381920278,        -7.7886273,      -7.793860524,      -7.404820236,      -10.23792092
          0,           0,         434,      -8.028817659,      -7.385845002,      -7.793505324,      -7.799504841,      -7.409160316,      -10.24044203
          0,           0,         435,      -8.033052727,      -7.389780119,      -7.798419677,       -7.80519483,      -7.413474182,       -10.2429668
          0,           0,         436,      -8.037285938,      -7.393724932,      -7.803369525,      -7.810934129,      -7.417782822,      -10.24549522
          0,           0,         437,      -8.041542086,      -7.397679124,      -7.808354517,      -7.816730041,      -7.422114048,      -10.24802727
          0,           0,         438,       -8.04580256,      -7.401641472,      -7.813374136,      -7.822578275,      -7.426452577,      -10.25056294
          0,           0,         439,      -8.050062935,      -7.405611002,      -7.818427453,      -7.828473799,      -7.430793443,      -10.25310222
          0,           0,         440,      -8.054325587,      -7.409587082,      -7.823513482,        -7.8344141,      -7.435137958,      -10.25564512
          0,           0,         441,      -8.058592028,      -7.413568881,      -7.828631039,      -7.840397681,       -7.43948732,      -10.25819165
          0,           0,         442,      -8.062861642,      -7.417555292,      -7.833778708,      -7.846422743,      -7.443841038,      -10.26074183
          0,           0,         443,      -8.067132361,      -7.421545007,      -7.838954909,      -7.852486894,      -7.448197212,      -10.26329565
          0,           0,         444,         -8.071402,      -7.425536728,      -7.844157941,      -7.858587379,      -7.452553712,      -10.26585311
          0,           0,         445,       -8.07566888,      -7.429529174,      -7.849385978,      -7.864721323,      -7.456908839,      -10.26841412
          0,           0,         446,      -8.079932231,      -7.433521165,      -7.854637117,      -7.870886302,      -7.461261774,      -10.27097858
          0,           0,         447,      -8.084190676,      -7.437511571,      -7.859909389,      -7.877079056,      -7.465611162,      -10.27354675
          0,           0,         448,       -8.08844329,      -7.441499265,      -7.865200646,      -7.883296641,      -7.469956064,      -10.27611848
          0,           0,         449,      -8.092689487,      -7.445483416,       -7.87050872,      -7.889536245,      -7.474295851,      -10.27869368
          0,           0,         450,      -8.096926365,       -7.44946279,      -7.875831442,       -7.89579499,      -7.478627489,      -10.28127229
          0,           0,         451,      -8.101152633,      -7.453436256,      -7.881166734,      -7.902069954,       -7.48294953,      -10.28385425
          0,           0,         452,      -8.105367247,       -7.45740283,      -7.886512587,      -7.908358267,      -7.487260734,      -10.28643952
          0,           0,         453,       -8.10958222,      -7.461361748,      -7.891867235,      -7.914657959,      -7.491573203,      -10.28902803
          0,           0,         454,      -8.113783596,      -7.465312122,       -7.89722894,      -7.920966437,       -7.49587321,      -10.29161975
          0,           0,         455,      -8.117963932,      -7.469253398,      -7.902595725,      -7.927280501,      -7.500152514,      -10.29421461
          0,           0,         456,      -8.122126643,      -7.473185143,      -7.907965921,      -7.933597827,      -7.504413812,      -10.29681253
          0,           0,         457,      -8.126273588,      -7.477107023,      -7.913338071,      -7.939916807,      -7.508658783,      -10.29941346
          0,           0,         458,      -8.130405799,       -7.48101872,      -7.918710938,      -7.946236137,       -7.51288844,      -10.30201733
          0,           0,         459,      -8.134524053,      -7.484920163,      -7.924083408,      -7.952554632,       -7.51710356,      -10.30462409
          0,           0,         460,      -8.138629033,      -7.488811382,      -7.929454557,      -7.958871261,      -7.521304788,       -10.3072337
          0,           0,         461,      -8.142721383,      -7.492692438,       -7.93482362,      -7.965185195,      -7.525492716,      -10.30984611
          0,           0,         462,      -8.146801773,      -7.496563542,      -7.940190007,       -7.97149583,      -7.529667955,      -10.31246129
          0,           0,         463,      -8.150870818,      -7.500424968,      -7.945553276,       -7.97780281,      -7.533831061,      -10.31507918
          0,           0,         464,      -8.154929009,      -7.504277027,      -7.950913197,      -7.984105979,      -7.537982465,      -10.31769975
          0,           0,         465,      -8.158976857,      -7.508120114,      -7.956269588,      -7.990405413,      -7.542122611,      -10.32032301
          0,           0,         466,      -8.163014867,      -7.511954655,      -7.961622459,       -7.99670148,      -7.546251937,      -10.32294895
          0,           0,         467,      -8.167043622,      -7.515781119,      -7.966972114,      -8.002994753,       -7.55037098,      -10.32557754
          0,           0,         468,      -8.171063695,      -7.519599995,       -7.97231894,      -8.009285988,       -7.55448029,      -10.32820979
          0,           0,         469,      -8.175075636,       -7.52341149,      -7.977662103,      -8.015576312,      -7.558580427,       -10.3308443
          0,           0,         470,      -8.179079531,       -7.52721571,      -7.982999414,      -8.021865774,      -7.562671476,      -10.33348128
          0,           0,         471,      -8.183075138,      -7.531013356,      -7.988329987,      -8.028152253,      -7.566753191,      -10.33612016
          0,           0,         472,      -8.187063452,      -7.534805027,       -7.99366087,      -8.034437643,       -7.57082666,      -10.33876138
          0,           0,         473,      -8.191044131,      -7.538590978,      -7.998992383,      -8.040723266,      -7.574891618,      -10.34140512
          0,           0,         474,      -8.195016937,      -7.542371357,      -8.004324587,      -8.047010685,      -7.578947812,      -10.34405133
          0,           0,         475,        -8.1989827,      -7.546146609,      -8.009657685,      -8.053301051,      -7.582996159,      -10.34669987
          0,           0,         476,       -8.20294167,      -7.549917031,      -8.014991941,      -8.059595237,       -7.58703692,      -10.34935066
          0,           0,         477,      -8.206893844,      -7.553682803,      -8.020327624,      -8.065893809,      -7.591070101,      -10.35200361
          0,           0,         478,      -8.210839142,       -7.55744403,      -8.025664946,      -8.072197159,      -7.595095636,      -10.35465868
          0,           0,         479,      -8.214777529,      -7.561200741,      -8.031004051,      -8.078505636,       -7.59911351,      -10.35731585
          0,           0,         480,      -8.218708812,      -7.564952936,      -8.036345065,      -8.084819424,      -7.603123565,      -10.35997508
          0,           0,         481,      -8.222633092,      -7.568700592,      -8.041688086,      -8.091138799,      -7.607125929,      -10.36263635
          0,           0,         482,      -8.226550349,      -7.572443633,      -8.047033166,      -8.097463874,      -7.611120612,      -10.36529963
          0,           0,         483,      -8.230460472,      -7.576181942,      -8.052380299,      -8.103794598,      -7.615107529,      -10.36796488
          0,           0,         484,      -8.234363325,      -7.579915362,      -8.057729404,      -8.110130792,      -7.619086562,      -10.37063208
          0,           0,         485,      -8.238258759,      -7.583643716,      -8.063080338,      -8.116472168,      -7.623057577,       -10.3733012
          0,           0,         486,      -8.242146605,      -7.587366812,      -8.068432912,      -8.122818331,       -7.62702041,      -10.37597218
          0,           0,         487,      -8.246026627,      -7.591084453,      -8.073786879,      -8.129168764,      -7.630974828,        -10.378645
          0,           0,         488,      -8.249898567,      -7.594796394,      -8.079141952,      -8.135522799,      -7.634920564,       -10.3813196
          0,           0,         489,      -8.253762016,      -7.598502501,      -8.084497868,      -8.141879723,       -7.63885719,      -10.38399594
          0,           0,         490,      -8.257617011,      -7.602202704,      -8.089854342,      -8.148238928,      -7.642784724,      -10.38667397
          0,           0,         491,      -8.261463852,      -7.605896983,      -8.095211081,       -8.15459984,       -7.64670346,      -10.38935365
          0,           0,         492,      -8.265302816,      -7.609585338,      -8.100567796,      -8.160961837,      -7.650613679,      -10.39203493
          0,           0,         493,      -8.269133735,      -7.613267705,      -8.105912741,      -8.167321368,      -7.654515196,      -10.39471776
          0,           0,         494,      -8.272957595,      -7.616944363,      -8.111259603,      -8.173681078,      -7.658409038,      -10.39740209
          0,           0,         495,      -8.276774055,      -7.620615355,      -8.116607956,      -8.180040416,      -7.662294821,      -10.40008787
          0,           0,         496,      -8.280583522,      -7.624280848,      -8.121956895,      -8.186399173,       -7.66617289,      -10.40277506
          0,           0,         497,      -8.284385885,      -7.627940991,      -8.127305912,      -8.192757118,      -7.670043081,      -10.40546362
          0,           0,         498,      -8.288181297,      -7.631595939,      -8.132654813,      -8.199113955,      -7.673905501,      -10.40815348
          0,           0,         499,      -8.291969838,      -7.635245854,      -8.138003565,      -8.205469299,      -7.677760211,      -10.41084459
          0,           0,         500,      -8.295751583,       -7.63889088,      -8.143352181,      -8.211822773,      -7.681607272,      -10.41353687
          0,           0,         501,      -8.299526563,      -7.642531073,      -8.148700688,      -8.218174071,        -7.6854467,      -10.41623027
          0,           0,         502,      -8.303294833,      -7.646166571,      -8.154049018,      -8.224522931,       -7.68927854,      -10.41892474
          0,           0,         503,      -8.307056563,      -7.649797526,      -8.159397123,      -8.230869225,      -7.693102971,       -10.4216202
          0,           0,         504,      -8.310811778,      -7.653423986,      -8.164744936,      -8.237212799,      -7.696920019,      -10.42431661
          0,           0,         505,      -8.314560524,      -7.657045989,      -8.170092361,      -8.243553487,      -7.700729732,      -10.42701392
          0,           0,         506,       -8.31830286,      -7.660663577,      -8.175439276,      -8.249891098,      -7.704532169,      -10.42971205
          0,           0,         507,      -8.322028303,      -7.664276677,      -8.180785617,      -8.256226072,      -7.708316102,      -10.43241097
          0,           0,         508,      -8.325742341,      -7.667885368,        -8.1861311,      -8.262556496,      -7.712087453,      -10.43511059
          0,           0,         509,      -8.329452915,        -7.6714898,      -8.191475579,      -8.268882056,      -7.715854432,      -10.43781089
          0,           0,         510,      -8.333160658,      -7.675090084,      -8.196819004,      -8.275203344,      -7.719617606,      -10.44051185
          0,           0,         511,      -8.336865459,      -7.678686338,      -8.202161318,      -8.281520644,      -7.723376966,       -10.4432134
          0,           0,         512,      -8.340566809,      -7.682278652,      -8.207502505,      -8.287833842,      -7.727132105,       -10.4459155
          0,           0,         513,      -8.344264059,      -7.685867083,      -8.212842613,      -8.294142503,      -7.730882426,      -10.44861808
          0,           0,         514,      -8.347956642,      -7.689451682,      -8.218181709,       -8.30044607,      -7.734627371,      -10.45132108
          0,           0,         515,      -8.351644191,      -7.693032502,      -8.223519831,      -8.306744051,      -7.738366558,      -10.45402444
          0,           0,         516,      -8.355326581,      -7.696609676,      -8.228857005,      -8.313036121,      -7.742099839,       -10.4567281
          0,           0,         517,      -8.359003782,      -7.700183265,      -8.234193213,      -8.319322062,      -7.745827165,      -10.45943203
          0,           0,         518,        -8.3626758,       -7.70375326,      -8.239528402,      -8.325601686,      -7.749548528,      -10.46213617
          0,           0,         519,      -8.366342721,      -7.707319745,      -8.244862533,      -8.331874808,      -7.753264011,       -10.4648405
          0,           0,         520,      -8.370004476,      -7.710882626,      -8.250195511,      -8.338141117,      -7.756973523,      -10.46754495
          0,           0,         521,      -8.373661583,      -7.714442259,       -8.25552734,        -8.3444004,      -7.760677606,      -10.47024951
          0,           0,         522,      -8.377314264,      -7.717998787,      -8.260857987,       -8.35065252,      -7.764376463,      -10.47295413
          0,           0,         523,       -8.38096277,      -7.721552363,      -8.266187464,      -8.356897385,      -7.768070347,      -10.47565877
          0,           0,         524,      -8.384607377,      -7.725103147,      -8.271515842,      -8.363134958,      -7.771759533,       -10.4783634
          0,           0,         525,       -8.38824834,      -7.728651302,      -8.276843238,      -8.369365259,      -7.775444291,      -10.48106798
          0,           0,         526,      -8.391885874,      -7.732196976,      -8.282169796,      -8.375588357,      -7.779124846,      -10.48377246
          0,           0,         527,      -8.395520129,      -7.735740294,      -8.287495675,       -8.38180436,      -7.782801367,       -10.4864768
          0,           0,         528,      -8.399151192,      -7.739281355,      -8.292821031,      -8.388013389,      -7.786473961,      -10.48918096
          0,           0,         529,      -8.402779089,      -7.742820228,      -8.298146001,      -8.394215562,      -7.790142675,       -10.4918849
          0,           0,         530,      -8.406403781,      -7.746356947,      -8.303470683,      -8.400410972,      -7.793807499,      -10.49458858
          0,           0,         531,      -8.410025184,      -7.749891513,      -8.308795112,      -8.406599647,      -7.797468368,      -10.49729196
          0,           0,         532,      -8.413643194,      -7.753423896,      -8.314119238,      -8.412781422,      -7.801125209,        -10.499995
          0,           0,         533,      -8.417257675,      -7.756954039,      -8.319442933,      -8.418956105,      -7.804777911,      -10.50269766
          0,           0,         534,      -8.420868454,      -7.760481865,      -8.324765998,      -8.425123314,      -7.808426321,       -10.5053999
          0,           0,         535,      -8.424475552,      -7.764007276,      -8.330088172,        -8.4312825,      -7.812070488,      -10.50810168
          0,           0,         536,      -8.428078996,      -7.767530169,       -8.33540913,      -8.437433002,      -7.815710471,      -10.51080297
          0,           0,         537,      -8.431678104,      -7.771050433,       -8.34072844,      -8.443573994,       -7.81934556,       -10.5135037
          0,           0,         538,      -8.435272751,      -7.774567955,      -8.346045633,      -8.449704455,      -7.822975624,      -10.51620384
          0,           0,         539,      -8.438862849,       -7.77808264,      -8.351360217,      -8.455823284,      -7.826600554,      -10.51890334
          0,           0,         540,      -8.442448361,       -7.78159441,      -8.356671704,      -8.461929458,      -7.830220298,      -10.52160215
          0,           0,         541,      -8.446029205,      -7.785103193,      -8.361979591,      -8.468021781,      -7.833834767,      -10.52430022
          0,           0,         542,      -8.449605363,      -7.788608934,      -8.367283358,      -8.474099092,      -7.837443931,      -10.52699749
          0,           0,         543,      -8.453176899,      -7.792111606,      -8.372582539,      -8.480160527,      -7.841047824,      -10.52969392
          0,           0,         544,      -8.456743885,      -7.795611205,      -8.377876704,      -8.486205203,      -7.844646501,      -10.53238943
          0,           0,         545,      -8.460306434,      -7.799107751,      -8.383165472,      -8.492232334,      -7.848240065,      -10.53508399
          0,           0,         546,      -8.463864677,      -7.802601305,      -8.388448465,      -8.498241282,      -7.851828636,      -10.53777752
          0,           0,         547,      -8.467418759,      -7.806091929,      -8.393725377,      -8.504231568,      -7.855412345,         -10.54047
          0,           0,         548,      -8.470968905,      -7.809579734,      -8.398996108,      -8.510202937,      -7.858991411,      -10.54316134
          0,           0,         549,      -8.474515322,      -7.813064843,      -8.404260451,      -8.516155369,      -7.862566037,      -10.54585146
          0,           0,         550,       -8.47805818,        -7.8165473,      -8.409518376,      -8.522088868,      -7.866136385,      -10.54854027
          0,           0,         551,      -8.481597766,      -7.820027324,      -8.414769871,      -8.528003509,      -7.869702744,       -10.5512277
          0,           0,         552,       -8.48513429,      -7.823505061,       -8.42001509,      -8.533899633,      -7.873265317,      -10.55391368
          0,           0,         553,         -8.488668,      -7.826980686,      -8.425254232,       -8.53977787,      -7.876824348,      -10.55659818
          0,           0,         554,       -8.49219917,      -7.830454395,      -8.430487537,      -8.545639102,      -7.880380105,      -10.55928114
          0,           0,         555,      -8.495728092,      -7.833926399,      -8.435715291,      -8.551484418,      -7.883932879,      -10.56196251
          0,           0,         556,      -8.499255078,      -7.837396921,      -8.440937835,      -8.557315071,       -7.88748298,      -10.56464225
          0,           0,         557,      -8.502780444,      -7.840866183,      -8.446155569,      -8.563132452,      -7.891030722,      -10.56732031
          0,           0,         558,      -8.506304501,      -7.844334411,      -8.451368959,      -8.568938095,      -7.894576422,      -10.56999662
          0,           0,         559,      -8.509827549,       -7.84780182,      -8.456578526,       -8.57473365,      -7.898120384,      -10.57267114
          0,           0,         560,      -8.513349855,      -7.851268618,      -8.461784855,      -8.580520863,      -7.901662888,      -10.57534381
          0,           0,         561,      -8.516871661,      -7.854735002,      -8.466988572,      -8.586301556,       -7.90520419,      -10.57801458
          0,           0,         562,      -8.520393182,      -7.858201154,      -8.472190345,      -8.592077593,      -7.908744522,       -10.5806834
          0,           0,         563,        -8.5239146,      -7.861667239,      -8.477390868,      -8.597850845,      -7.912284088,       -10.5833502
